{"omega": 3, "n": 10, "m": 27, "ratio": 1.0000000000000009, "l1": 6.0000000000000036, "l2": 2.13457231986253e-15, "omega_verified": true, "seed": 515788643, "edges": [[0, 1], [0, 2], [0, 3], [0, 4], [0, 6], [0, 9], [1, 2], [1, 3], [1, 4], [1, 5], [1, 7], [2, 5], [2, 6], [2, 7], [2, 9], [3, 5], [3, 6], [3, 7], [3, 9], [4, 5], [4, 6], [4, 7], [4, 9], [5, 6], [5, 9], [6, 7], [7, 9]]}