{"omega": 4, "n": 13, "m": 54, "ratio": 1.0000000000000009, "l1": 9.000000000000004, "l2": 3.687184499015539e-16, "omega_verified": true, "seed": 621150361, "edges": [[0, 1], [0, 2], [0, 3], [0, 4], [0, 5], [0, 6], [0, 10], [0, 11], [0, 12], [1, 2], [1, 3], [1, 4], [1, 5], [1, 8], [1, 9], [1, 11], [1, 12], [2, 3], [2, 5], [2, 6], [2, 8], [2, 9], [2, 10], [2, 12], [3, 4], [3, 6], [3, 8], [3, 9], [3, 10], [3, 11], [4, 5], [4, 6], [4, 8], [4, 9], [4, 10], [4, 12], [5, 6], [5, 8], [5, 9], [5, 10], [5, 11], [6, 8], [6, 9], [6, 11], [6, 12], [8, 10], [8, 11], [8, 12], [9, 10], [9, 11], [9, 12], [10, 11], [10, 12], [11, 12]]}