{"omega": 3, "n": 22, "m": 136, "ratio": 0.9983637291795929, "l1": 13.31866461874472, "l2": 1.9104438396954841, "omega_verified": true, "seed": 36060535, "edges": [[0, 1], [0, 2], [0, 3], [0, 5], [0, 6], [0, 7], [0, 9], [0, 11], [0, 12], [0, 13], [0, 14], [0, 15], [0, 19], [1, 2], [1, 4], [1, 5], [1, 6], [1, 8], [1, 10], [1, 11], [1, 14], [1, 16], [1, 18], [1, 19], [1, 21], [2, 3], [2, 4], [2, 7], [2, 8], [2, 9], [2, 10], [2, 12], [2, 13], [2, 15], [2, 16], [2, 18], [2, 21], [3, 4], [3, 5], [3, 6], [3, 8], [3, 10], [3, 11], [3, 14], [3, 16], [3, 18], [3, 19], [3, 21], [4, 5], [4, 6], [4, 7], [4, 9], [4, 11], [4, 12], [4, 13], [4, 14], [4, 15], [4, 19], [5, 7], [5, 8], [5, 9], [5, 10], [5, 12], [5, 13], [5, 15], [5, 16], [5, 18], [5, 21], [6, 7], [6, 8], [6, 9], [6, 10], [6, 12], [6, 13], [6, 15], [6, 16], [6, 18], [6, 21], [7, 8], [7, 10], [7, 11], [7, 14], [7, 16], [7, 17], [7, 18], [7, 19], [7, 20], [7, 21], [8, 9], [8, 11], [8, 12], [8, 13], [8, 14], [8, 15], [8, 19], [9, 10], [9, 11], [9, 14], [9, 16], [9, 18], [9, 19], [9, 21], [10, 11], [10, 12], [10, 13], [10, 14], [10, 15], [10, 19], [11, 12], [11, 13], [11, 15], [11, 16], [11, 18], [11, 21], [12, 14], [12, 16], [12, 18], [12, 19], [12, 21], [13, 14], [13, 16], [13, 18], [13, 19], [13, 21], [14, 15], [14, 16], [14, 18], [14, 21], [15, 16], [15, 18], [15, 19], [15, 21], [16, 19], [17, 20], [18, 19], [19, 21]]}