c ---- [ banner ] ------------------------------------------------------------
c
c Kissat SAT Solver
c 
c Copyright (c) 2021-2024 Armin Biere University of Freiburg
c Copyright (c) 2019-2021 Armin Biere Johannes Kepler University Linz
c 
c Version 4.0.4 8af8e56f174b778aef3aa45af9f739b2a5f492c2
c gcc (Ubuntu 11.4.0-1ubuntu1~22.04) 11.4.0 -W -Wall -O3 -DNDEBUG
c Fri Jul 24 15:43:44 UTC 2026 Linux devin-box 5.15.200 x86_64
c
c ---- [ parsing ] -----------------------------------------------------------
c
c opened and reading DIMACS file:
c
c   L457_6.cnf
c
c parsed 'p cnf 26049 347320' header
c closing input after reading 7023159 bytes (7 MB)
c finished parsing after 0.04 seconds
c
c ---- [ solving ] -----------------------------------------------------------
c
c seconds switched rate     size/glue tier1 binary          remaining
c        MB reductions conflicts size  tier2   irredundant
c         level restarts redundant glue  trail         variables
c
c *  0.04 24 0 0 0  0 0   0   0 0.0 0 0 0 0 0%   0 347320 26049 100%
c (  0.05 26 0 0 0  0 0   0   0 0.0 0 0 0 0 0%   0 347320 26049 100%
c .  0.05 26 0 0 0  0 0   0   0 0.0 0 0 0 0 0%   0 347320 26049 100%
c )  0.51 29 0 0 0  0 0   0   0 0.0 0 0 0 0 0%   0 347320 26049 100%
c {  0.51 29 0 0 0  0 0   0   0 0.0 0 0 2 6 0%   0 347320 26049 100%
c -  0.54 30 210 0 1 36 22 1001 817 1.5 14 10 5 17 4%   0 347320 26049 100%
c }  0.54 30 210 1 1 36 22 1001 817 1.5 14 10 5 17 4%   0 347320 26049 100%
c [  0.54 30 0 1 1 36 0 1001 817 0.0 0 0 2 6 0%   0 347320 26049 100%
c B  0.54 30 0 1 1 36 0 1001 817 0.0 0 0 2 6 0%   0 347320 26049 100%
c ]  0.57 31 694 2 1 36 3 1341 1157 1.1 81 71 2 6 5%   0 347320 26049 100%
c {  0.57 31 210 2 1 36 22 1341 1157 1.5 14 10 5 17 4%   0 347320 26049 100%
c -  0.58 31 188 2 2 68 21 2001 1456 1.5 13 9 5 15 4%   0 347320 26049 100%
c }  0.59 31 179 3 2 68 19 2341 1796 1.5 12 8 5 15 4%   0 347320 26049 100%
c [  0.59 31 694 3 2 68 3 2341 1796 1.1 81 71 2 6 5%   0 347320 26049 100%
c W  0.63 32 694 3 2 68 3 2341 1796 1.1 81 71 2 6 5%   0 347320 26049 100%
c u  0.68 32 459 3 2 68 3 2632 1244 1.3 75 58 2 6 4%   0 347320 26049 100%
c v  0.70 32 459 3 2 68 3 2632 815 1.3 75 58 2 6 4%   0 347320 26049 100%
c w  0.72 32 459 3 2 68 3 2632 776 1.3 75 58 2 6 4%   0 347320 26049 100%
c ]  0.78 33 351 4 2 68 4 3038 1182 1.4 67 49 2 6 4%   0 347320 26049 100%
c {  0.78 33 179 4 2 68 19 3038 1182 1.5 12 8 5 15 4%   0 347320 26049 100%
c
c seconds   switched   rate       size/glue tier1   binary          remaining
c        MB  reductions conflicts       size  tier2    irredundant
c          level restarts    redundant    glue   trail         variables
c
c -  0.79 33 186 4 3 108 21 3415 1160 1.4 12 8 5 14 3%   0 347320 26049 100%
c -  0.84 34 213 4 4 192 25 5148 2385 1.4 11 8 5 13 4%   0 347320 26049 100%
c }  0.85 34 216 5 4 213 26 5390 2626 1.4 11 8 5 13 4%   0 347320 26049 100%
c [  0.85 34 351 5 4 213 4 5390 2626 1.4 67 49 2 6 4%   0 347320 26049 100%
c I  0.85 34 351 5 4 213 4 5390 2626 1.4 67 49 2 6 4%   0 347320 26049 100%
c -  0.91 34 241 5 5 214 5 7148 3936 1.5 65 45 6 54 4%   0 347320 26049 100%
c ]  0.93 34 225 6 5 215 5 7977 4757 1.5 65 44 6 54 4%   0 347320 26049 100%
c {  0.93 34 216 6 5 215 26 7977 4757 1.4 11 8 5 13 4%   0 347320 26049 100%
c u  1.10 34 215 6 5 224 26 8106 3237 1.4 11 8 5 13 4%   0 347320 26049 100%
c v  1.12 34 215 6 5 224 26 8106 2436 1.4 11 8 5 13 4%   0 347320 26049 100%
c w  1.14 34 215 6 5 224 26 8106 2436 1.4 11 8 5 13 4%   0 347320 26049 100%
c -  1.24 34 205 6 6 260 24 9384 3403 1.4 11 8 5 12 4%   0 347320 26049 100%
c o  1.27 34 202 6 6 287 24 10279 4295 1.4 11 8 5 12 4%   0 347320 26049 100%
c -  1.31 35 199 6 7 356 24 11833 5376 1.4 10 7 5 11 4%   0 347320 26049 100%
c }  1.31 35 198 7 7 362 24 12046 5587 1.4 10 7 5 11 4%   0 347320 26049 100%
c [  1.31 35 225 7 7 362 5 12046 5587 1.5 65 44 6 54 4%   0 347320 26049 100%
c B  1.31 35 225 7 7 362 5 12046 5587 1.5 65 44 6 54 4%   0 347320 26049 100%
c ^  1.59 35 216 7 7 363 4 13161 6693 1.5 67 43 5 46 4%   0 347320 26049 100%
c -  1.64 35 210 7 8 364 4 14481 6813 1.5 68 45 5 44 4%   0 347320 26049 100%
c ]  1.68 35 202 8 8 364 4 15591 7900 1.5 71 46 5 44 4%   0 347320 26049 100%
c
c seconds   switched   rate        size/glue tier1   binary          remaining
c        MB  reductions  conflicts       size  tier2    irredundant
c          level restarts     redundant    glue   trail         variables
c
c {  1.68 35 198 8 8 364 24 15591 7900 1.4 10 7 5 11 4%   0 347320 26049 100%
c u  1.75 35 205 8 8 461 26 16607 8110 1.4 10 8 5 11 4%   0 347320 26049 100%
c v  1.77 35 205 8 8 461 26 16607 7671 1.4 10 8 5 11 4%   0 347320 26049 100%
c w  1.79 36 205 8 8 461 26 16607 7671 1.4 10 8 5 11 4%   0 347320 26049 100%
c -  1.87 36 209 8 9 544 27 17310 7151 1.4 10 8 5 11 4%   0 347320 26049 100%
c -  1.95 36 220 8 10 755 29 20310 9097 1.4 10 7 5 11 4%   0 347320 26049 100%
c o  1.96 36 220 8 10 756 29 20334 9121 1.4 10 7 5 11 4%   0 347320 26049 100%
c }  2.00 36 224 9 10 851 30 21751 10525 1.4 10 7 5 11 4%   0 347320 26049 100%
c [  2.00 36 202 9 10 851 4 21751 10525 1.5 71 46 5 44 4%   0 347320 26049 100%
c W  2.05 36 202 9 10 851 4 21751 10525 1.5 71 46 5 44 4%   0 347320 26049 100%
c -  2.11 36 202 9 11 852 4 23472 10722 1.5 72 47 5 43 4%   0 347320 26049 100%
c ^  2.45 37 192 9 11 854 3 26318 13525 1.5 78 51 5 42 4%   0 347320 26049 100%
c -  2.48 37 191 9 12 854 3 26789 11638 1.5 78 51 5 41 4%   0 347320 26049 100%
c u  2.58 37 188 9 12 856 3 28318 10996 1.6 76 49 5 41 4%   0 347320 26049 100%
c v  2.60 37 188 9 12 856 3 28318 9768 1.6 76 49 5 41 4%   0 347320 26049 100%
c w  2.62 37 188 9 12 856 3 28318 9768 1.6 76 49 5 41 4%   0 347320 26049 100%
c ]  2.66 37 188 10 12 856 4 28479 9929 1.6 75 48 5 41 4%   0 347320 26049 100%
c {  2.66 37 224 10 12 856 30 28479 9929 1.4 10 7 5 11 4%   0 347320 26049 100%
c -  2.71 37 226 10 13 992 31 30253 10297 1.4 10 7 5 11 4%   0 347320 26049 100%
c -  2.80 38 233 10 14 1185 31 33858 12717 1.4 10 7 5 11 4%   0 347320 26049 100%
c
c seconds    switched     rate         size/glue tier1   binary          remaining
c        MB    reductions   conflicts        size  tier2    irredundant
c          level    restarts      redundant    glue   trail         variables
c
c }  2.89 38 237 11 14 1343 31 37106 15928 1.4 10 7 5 11 4%   0 347320 26049 100%
c [  2.89 38 188 11 14 1343 4 37106 15928 1.6 75 48 5 41 4%   0 347320 26049 100%
c O  2.89 38 188 11 14 1343 4 37106 15928 1.6 75 48 5 41 4%   0 347320 26049 100%
c -  2.91 38 187 11 15 1343 4 37601 15012 1.6 74 48 5 40 4%   0 347320 26049 100%
c -  3.04 38 182 11 16 1346 3 41473 16298 1.5 76 49 5 41 4%   0 347320 26049 100%
c o  3.09 38 179 11 16 1348 4 43259 18078 1.6 73 47 5 41 4%   0 347320 26049 100%
c u  3.27 38 179 11 16 1348 4 43397 15876 1.6 72 46 5 41 4%   0 347320 26049 100%
c v  3.30 38 179 11 16 1348 4 43397 14588 1.6 72 46 5 41 4%   0 347320 26049 100%
c w  3.32 38 179 11 16 1348 4 43397 14582 1.6 72 46 5 41 4%   0 347320 26049 100%
c -  3.45 38 177 11 17 1349 4 45473 14896 1.6 68 43 5 39 4%   0 347320 26049 100%
c B  3.49 38 176 11 17 1349 4 46867 16287 1.6 67 42 5 39 4%   0 347320 26049 100%
c ]  3.49 38 176 12 17 1349 4 46985 16405 1.6 66 42 5 39 4%   0 347320 26049 100%
c {  3.49 38 237 12 17 1349 31 46985 16405 1.4 10 7 5 11 4%   0 347320 26049 100%
c -  3.56 38 239 12 18 1481 31 49596 17454 1.4 10 7 5 11 4%   0 347320 26049 100%
c -  3.67 38 243 12 19 1714 31 53838 19993 1.4 10 8 5 11 4%   0 347320 26049 100%
c ^  3.91 38 244 12 19 1757 31 54844 20988 1.4 10 7 5 11 4%   0 347320 26049 100%
c -  4.01 38 246 12 20 1920 31 58196 22566 1.4 10 7 5 11 4%   0 347320 26049 100%
c }  4.01 38 246 13 20 1935 31 58464 22828 1.4 10 7 5 11 4%   0 347320 26049 100%
c [  4.01 38 176 13 20 1935 4 58464 22828 1.6 66 42 5 39 4%   0 347320 26049 100%
c W  4.07 39 176 13 20 1935 4 59090 23453 1.6 66 42 5 39 4%   0 347320 26049 100%
c
c seconds    switched    rate         size/glue  tier1   binary          remaining
c        MB    reductions  conflicts        size   tier2    irredundant
c          level    restarts     redundant     glue   trail         variables
c
c u  4.19 40 176 13 20 1937 4 61950 24568 1.6 64 41 5 39 4%   0 347320 26049 100%
c v  4.22 41 176 13 20 1937 4 61950 23578 1.6 64 41 5 39 4%   0 347320 26049 100%
c w  4.24 41 176 13 20 1937 4 61950 23573 1.6 64 41 5 39 4%   0 347320 26049 100%
c -  4.33 42 175 13 21 1938 4 62669 22082 1.6 64 41 5 39 4%   0 347320 26049 100%
c -  4.48 42 176 13 22 1941 4 67251 23810 1.6 65 40 5 38 4%   0 347320 26049 100%
c ]  4.60 42 178 14 22 1941 4 70330 26816 1.6 70 44 5 38 4%   0 347320 26049 100%
c {  4.60 42 246 14 22 1941 31 70330 26816 1.4 10 7 5 11 4%   0 347320 26049 100%
c -  4.65 43 246 14 23 2036 31 71942 25271 1.4 10 8 5 11 4%   0 347320 26049 100%
c o  4.70 43 246 14 23 2094 31 73270 26586 1.4 10 8 5 11 4%   0 347320 26049 100%
c -  4.80 44 247 14 24 2280 31 76737 27658 1.4 10 7 5 11 4%   0 347320 26049 100%
c -  4.94 44 250 14 25 2537 31 81635 30571 1.4 10 8 5 11 4%   0 347320 26049 100%
c u  5.08 44 251 14 25 2662 31 84109 29776 1.4 10 8 5 11 4%   0 347320 26049 100%
c v  5.11 45 251 14 25 2662 31 84109 27962 1.4 10 8 5 11 4%   0 347320 26049 100%
c w  5.13 45 251 14 25 2662 31 84109 27884 1.4 10 8 5 11 4%   0 347320 26049 100%
c }  5.19 45 251 15 25 2719 31 85045 28815 1.3 10 8 5 11 4%   0 347320 26049 100%
c [  5.19 45 178 15 25 2719 4 85045 28815 1.6 70 44 5 38 4%   0 347320 26049 100%
c I  5.19 45 178 15 25 2719 4 85045 28815 1.6 70 44 5 38 4%   0 347320 26049 100%
c -  5.24 45 178 15 26 2720 4 86637 28707 1.6 69 44 5 40 4%   0 347320 26049 100%
c -  5.39 45 176 15 27 2724 4 91737 31119 1.6 69 44 5 40 4%   0 347320 26049 100%
c -  5.59 46 175 15 28 2725 3 96936 32496 1.6 71 46 5 40 4%   0 347320 26049 100%
c
c seconds    switched    rate         size/glue  tier1   binary          remaining
c        MB    reductions  conflicts        size   tier2    irredundant
c          level    restarts     redundant     glue   trail         variables
c
c ]  5.67 46 174 16 28 2727 3 99197 34721 1.5 72 47 5 40 4%   0 347320 26049 100%
c {  5.67 46 251 16 28 2727 31 99197 34721 1.3 10 8 5 11 4%   0 347320 26049 100%
c ^  5.92 46 252 16 28 2798 31 100792 36297 1.3 10 8 5 11 4%   0 347320 26049 100%
c -  5.98 46 252 16 29 2874 31 102227 34368 1.3 10 8 5 11 4%   0 347320 26049 100%
c -  6.12 62 254 16 30 3130 31 107613 37339 1.3 10 8 5 11 4%   0 347320 26049 100%
c u  6.26 62 254 16 30 3233 31 110004 36002 1.3 10 8 5 11 4%   0 347320 26049 100%
c v  6.30 62 254 16 30 3233 31 110004 33985 1.3 10 8 5 11 4%   0 347320 26049 100%
c w  6.32 63 254 16 30 3233 31 110004 33887 1.3 10 8 5 11 4%   0 347320 26049 100%
c -  6.44 63 254 16 31 3408 31 113091 35527 1.3 10 8 5 11 4%   0 347320 26049 100%
c o  6.46 63 254 16 31 3422 31 113286 35722 1.3 10 8 5 11 4%   0 347320 26049 100%
c }  6.57 63 255 17 31 3676 31 117534 39933 1.3 10 8 5 11 4%   0 347320 26049 100%
c [  6.57 63 174 17 31 3676 3 117534 39933 1.5 72 47 5 40 4%   0 347320 26049 100%
c B  6.57 63 174 17 31 3676 3 117534 39933 1.5 72 47 5 40 4%   0 347320 26049 100%
c -  6.61 63 174 17 32 3677 3 118661 39124 1.5 72 47 5 39 4%   0 347320 26049 100%
c -  6.78 63 174 17 33 3681 3 124318 41463 1.6 72 46 5 39 4%   0 347320 26049 100%
c -  6.94 63 172 17 34 3683 3 130062 43531 1.6 70 44 5 38 4%   0 347320 26049 100%
c -  7.11 63 169 17 35 3687 3 135893 45479 1.6 68 43 5 37 4%   0 347320 26049 100%
c ]  7.17 63 167 18 35 3689 3 138125 47702 1.6 67 42 5 37 4%   0 347320 26049 100%
c {  7.17 63 255 18 35 3689 31 138125 47702 1.3 10 8 5 11 4%   0 347320 26049 100%
c u  7.40 46 252 18 35 3735 31 139716 45455 1.3 10 7 5 11 4%   0 347320 26049 100%
c
c seconds    switched     rate          size/glue tier1   binary          remaining
c        MB    reductions   conflicts         size  tier2    irredundant
c          level    restarts       redundant    glue   trail         variables
c
c v  7.44 46 252 18 35 3735 31 139716 44214 1.3 10 7 5 11 4%   0 347320 26049 100%
c w  7.47 46 252 18 35 3735 31 139716 44205 1.3 10 7 5 11 4%   0 347320 26049 100%
c -  7.65 46 250 18 36 3786 31 141810 43261 1.3 10 7 5 11 4%   0 347320 26049 100%
c -  7.78 46 242 18 37 3921 29 147810 46784 1.4 10 7 5 10 4%   0 347320 26049 100%
c -  7.93 62 236 18 38 4098 29 153892 50437 1.4 10 7 5 10 4%   0 347320 26049 100%
c -  8.08 63 231 18 39 4243 28 160056 54198 1.4 10 7 5 10 4%   0 347320 26049 100%
c }  8.08 63 231 19 39 4247 28 160470 54610 1.4 10 7 5 10 4%   0 347320 26049 100%
c [  8.08 63 167 19 39 4247 3 160470 54610 1.6 67 42 5 37 4%   0 347320 26049 100%
c W  8.15 46 167 19 39 4247 3 160470 54610 1.6 67 42 5 37 4%   0 347320 26049 100%
c ^  8.53 47 167 19 39 4251 3 166082 60146 1.6 68 43 5 37 4%   0 347320 26049 100%
c o  8.56 47 167 19 39 4251 3 166082 60146 1.6 68 43 5 37 4%   0 347320 26049 100%
c -  8.57 47 167 19 40 4251 3 166301 56014 1.6 68 43 5 37 4%   0 347320 26049 100%
c -  8.80 47 166 19 41 4253 3 172625 57140 1.6 69 44 5 37 4%   0 347320 26049 100%
c u  8.91 47 166 19 41 4254 3 173349 55062 1.6 69 44 5 37 4%   0 347320 26049 100%
c v  8.94 47 166 19 41 4254 3 173349 53810 1.6 69 44 5 37 4%   0 347320 26049 100%
c w  8.97 47 166 19 41 4254 3 173349 53810 1.6 69 44 5 37 4%   0 347320 26049 100%
c -  9.23 47 165 19 42 4259 3 179029 55759 1.6 67 42 5 36 3%   0 347320 26049 100%
c ]  9.25 47 164 20 42 4259 3 179893 56613 1.6 67 42 5 36 3%   0 347320 26049 100%
c {  9.25 47 231 20 42 4259 28 179893 56613 1.4 10 7 5 10 4%   0 347320 26049 100%
c -  9.42 64 233 20 43 4568 28 185509 59363 1.4 10 7 5 10 4%   0 347320 26049 100%
c
c seconds    switched     rate          size/glue tier1   binary          remaining
c        MB    reductions   conflicts         size  tier2    irredundant
c          level    restarts       redundant    glue   trail         variables
c
c -  9.61 64 235 20 44 5009 29 192066 62745 1.4 10 7 5 10 4%   0 347320 26049 100%
c -  9.78 64 237 20 45 5416 29 198700 66207 1.4 10 7 5 10 4%   0 347320 26049 100%
c -  9.97 64 239 20 46 5808 30 205409 69755 1.3 10 7 5 10 4%   0 347320 26049 100%
c } 10.00 64 239 21 46 5871 30 206633 70975 1.3 10 7 5 10 4%   0 347320 26049 100%
c [ 10.00 64 164 21 46 5871 3 206633 70975 1.6 67 42 5 36 3%   0 347320 26049 100%
c O 10.00 64 164 21 46 5871 3 206633 70975 1.6 67 42 5 36 3%   0 347320 26049 100%
c u 10.24 65 162 21 46 5874 3 211007 70977 1.6 66 41 5 36 3%   0 347320 26049 100%
c v 10.30 65 162 21 46 5874 3 211007 68175 1.6 66 41 5 36 3%   0 347320 26049 100%
c w 10.34 66 162 21 46 5874 3 211007 68164 1.6 66 41 5 36 3%   0 347320 26049 100%
c - 10.44 66 162 21 47 5875 3 212192 66171 1.6 66 41 5 36 3%   0 347320 26049 100%
c - 10.70 67 162 21 48 5878 3 219049 68027 1.6 68 43 5 37 3%   0 347320 26049 100%
c - 10.91 67 161 21 49 5883 3 225981 69805 1.6 68 43 5 37 3%   0 347320 26049 100%
c - 11.15 67 160 21 50 5885 3 232982 71246 1.6 68 43 5 36 3%   0 347320 26049 100%
c ] 11.20 67 159 22 50 5885 3 234229 72488 1.6 69 43 5 36 3%   0 347320 26049 100%
c { 11.20 67 239 22 50 5885 30 234229 72488 1.3 10 7 5 10 4%   0 347320 26049 100%
c o 11.22 67 240 22 50 5888 30 234250 72509 1.3 10 7 5 10 4%   0 347320 26049 100%
c - 11.35 67 235 22 51 6038 29 240053 73915 1.3 10 7 5 10 4%   0 347320 26049 100%
c - 11.52 67 230 22 52 6235 28 247194 77615 1.4 10 7 5 10 4%   0 347320 26049 100%
c ! 11.85 67 227 22 52 6381 28 252503 82914 1.4 10 7 5 10 4%   0 347320 26049 100%
c u 11.97 68 227 22 52 6385 28 252745 78055 1.4 10 7 5 10 4%   0 347320 26049 100%
c
c seconds    switched     rate          size/glue tier1   binary          remaining
c        MB    reductions   conflicts         size  tier2    irredundant
c          level    restarts       redundant    glue   trail         variables
c
c v 12.02 68 227 22 52 6385 28 252745 74803 1.4 10 7 5 10 4%   0 347320 26049 100%
c w 12.06 68 227 22 52 6385 28 252745 74619 1.4 10 7 5 10 4%   0 347320 26049 100%
c - 12.16 68 226 22 53 6443 27 254405 73732 1.4 10 7 5 10 4%   0 347320 26049 100%
c - 12.33 68 222 22 54 6653 27 261685 78409 1.4 10 7 5 10 4%   0 347320 26049 100%
c } 12.42 68 220 23 54 6761 27 265745 82464 1.4 10 7 5 10 4%   0 347320 26049 100%
c [ 12.42 68 159 23 54 6761 3 265745 82464 1.6 69 43 5 36 3%   0 347320 26049 100%
c B 12.42 68 159 23 54 6761 3 265745 82464 1.6 69 43 5 36 3%   0 347320 26049 100%
c - 12.52 68 160 23 55 6763 3 269033 81319 1.6 68 42 5 36 3%   0 347320 26049 100%
c - 12.72 68 159 23 56 6767 3 276449 82278 1.6 66 41 5 35 3%   0 347320 26049 100%
c - 12.93 68 158 23 57 6772 3 283932 83073 1.6 64 39 5 35 3%   0 347320 26049 100%
c - 13.19 69 154 23 58 6775 3 291482 83678 1.6 64 39 5 34 3%   0 347320 26049 100%
c ] 13.36 69 152 24 58 6775 3 295702 87842 1.6 65 40 5 34 3%   0 347320 26049 100%
c { 13.36 69 220 24 58 6775 27 295702 87842 1.4 10 7 5 10 4%   0 347320 26049 100%
c u 13.57 70 221 24 58 6955 27 298667 85834 1.4 10 7 5 10 4%   0 347320 26049 100%
c v 13.62 70 221 24 58 6955 27 298667 83669 1.4 10 7 5 10 4%   0 347320 26049 100%
c w 13.67 71 221 24 58 6955 27 298667 83667 1.4 10 7 5 10 4%   0 347320 26049 100%
c - 13.74 71 221 24 59 6959 27 299099 78762 1.4 10 7 5 10 4%   0 347320 26049 100%
c o 13.90 71 223 24 59 7300 27 304251 83877 1.4 10 7 5 10 4%   0 347320 26049 100%
c - 13.98 71 224 24 60 7462 27 306781 81960 1.4 10 7 5 10 4%   0 347320 26049 100%
c - 14.20 72 228 24 61 7965 28 314527 84771 1.3 10 7 5 10 4%   0 347320 26049 100%
c
c seconds    switched     rate          size/glue tier1   binary          remaining
c        MB    reductions   conflicts         size  tier2    irredundant
c          level    restarts       redundant    glue   trail         variables
c
c - 14.42 72 230 24 62 8449 29 322338 86977 1.3 10 7 5 10 4%   0 347320 26049 100%
c - 14.64 72 232 24 63 8913 29 330212 89312 1.3 10 7 5 10 4%   0 347320 26049 100%
c } 14.69 72 233 25 63 9028 29 332379 91458 1.3 10 7 5 10 4%   0 347320 26049 100%
c [ 14.69 72 152 25 63 9028 3 332379 91458 1.6 65 40 5 34 3%   0 347320 26049 100%
c W 14.76 49 152 25 63 9028 3 332379 91458 1.6 65 40 5 34 3%   0 347320 26049 100%
c - 14.95 49 152 25 64 9032 3 338149 91441 1.6 65 40 5 34 3%   0 347320 26049 100%
c - 15.22 49 150 25 65 9036 3 346149 92506 1.6 66 40 5 34 3%   0 347320 26049 100%
c u 15.60 65 149 25 65 9038 3 348825 88516 1.6 65 40 5 34 3%   0 347320 26049 100%
c v 15.65 66 149 25 65 9038 3 348825 86838 1.6 65 40 5 34 3%   0 347320 26049 100%
c w 15.71 66 149 25 65 9038 3 348825 86822 1.6 65 40 5 34 3%   0 347320 26049 100%
c - 16.07 66 147 25 66 9041 3 354212 87423 1.6 64 39 5 34 3%   0 347320 26049 100%
c - 16.34 67 146 25 67 9042 3 362336 89092 1.6 64 39 5 33 3%   0 347320 26049 100%
c I 16.53 67 144 25 67 9045 3 367730 94458 1.7 64 38 5 33 3%   0 347320 26049 100%
c ] 16.60 67 144 26 67 9046 3 370184 96895 1.7 63 38 5 33 3%   0 347320 26049 100%
c { 16.60 67 233 26 67 9046 29 370184 96895 1.3 10 7 5 10 4%   0 347320 26049 100%
c - 16.63 67 233 26 68 9083 29 370522 89186 1.3 10 7 5 10 4%   0 347320 26049 100%
c - 16.87 68 235 26 69 9621 29 378768 90814 1.3 10 7 5 10 4%   0 347320 26049 100%
c o 17.02 68 236 26 69 9954 30 384325 96312 1.3 10 7 5 10 4%   0 347320 26049 100%
c - 17.11 68 237 26 70 10089 30 387074 92570 1.3 10 7 5 10 4%   0 347320 26049 100%
c - 17.32 69 239 26 71 10486 30 395441 96286 1.3 10 7 5 10 4%   0 347320 26049 100%
c
c seconds    switched      rate          size/glue tier1   binary          remaining
c        MB    reductions    conflicts         size  tier2    irredundant
c          level    restarts        redundant    glue   trail         variables
c
c u 17.66 69 240 26 71 10874 30 403299 98914 1.3 10 7 5 10 4%   0 347320 26049 100%
c v 17.72 69 240 26 71 10874 30 403299 96270 1.3 10 7 5 10 4%   0 347320 26049 100%
c w 17.75 69 240 26 71 10874 30 403299 96160 1.3 10 7 5 10 4%   0 347320 26049 100%
c - 17.89 69 240 26 72 10898 30 403867 93896 1.3 10 7 5 10 4%   0 347320 26049 100%
c - 18.12 70 241 26 73 11341 30 412352 99407 1.3 10 7 5 10 4%   0 347320 26049 100%
c } 18.12 70 241 27 73 11341 30 412403 99458 1.3 10 7 5 10 4%   0 347320 26049 100%
c [ 18.12 70 144 27 73 11341 3 412403 99458 1.7 63 38 5 33 3%   0 347320 26049 100%
c B 18.12 70 144 27 73 11341 3 412403 99458 1.7 63 38 5 33 3%   0 347320 26049 100%
c - 18.41 70 144 27 74 11347 3 420896 101783 1.7 64 39 5 33 3%   0 347320 26049 100%
c - 18.70 70 143 27 75 11351 3 429498 102821 1.6 63 38 5 33 3%   0 347320 26049 100%
c - 19.00 71 142 27 76 11355 3 438159 103828 1.7 63 38 5 32 3%   0 347320 26049 100%
c - 19.38 72 140 27 77 11357 3 446877 103477 1.7 65 39 5 32 3%   0 347320 26049 100%
c ] 19.48 72 140 28 77 11359 3 450049 106644 1.7 64 38 5 32 3%   0 347320 26049 100%
c { 19.48 72 241 28 77 11359 30 450049 106644 1.3 10 7 5 10 4%   0 347320 26049 100%
c - 19.64 72 242 28 78 11606 30 455651 105832 1.3 10 7 5 10 4%   0 347320 26049 100%
c u 19.95 72 242 28 78 11934 30 462144 106642 1.3 10 7 5 10 4%   0 347320 26049 100%
c v 20.01 72 242 28 78 11934 30 462144 103120 1.3 10 7 5 10 4%   0 347320 26049 100%
c w 20.06 73 242 28 78 11934 30 462144 102998 1.3 10 7 5 10 4%   0 347320 26049 100%
c - 20.18 73 243 28 79 12046 30 464483 102033 1.3 10 7 5 10 4%   0 347320 26049 100%
c - 20.41 73 244 28 80 12447 30 473371 107547 1.3 10 7 5 10 4%   0 347320 26049 100%
c
c seconds    switched      rate           size/glue tier1   binary          remaining
c        MB    reductions    conflicts          size  tier2    irredundant
c          level    restarts        redundant     glue   trail         variables
c
c o 20.46 73 244 28 80 12499 30 474337 108507 1.3 10 7 5 10 4%   0 347320 26049 100%
c - 20.67 73 245 28 81 12828 29 482315 113137 1.3 10 7 5 10 4%   0 347320 26049 100%
c - 20.92 73 245 28 82 13246 29 491315 115791 1.3 10 7 5 10 4%   0 347320 26049 100%
c } 21.11 73 246 29 82 13544 29 498188 122627 1.3 10 7 5 10 4%   0 347320 26049 100%
c [ 21.11 73 140 29 82 13544 3 498188 122627 1.7 64 38 5 32 3%   0 347320 26049 100%
c W 21.26 51 140 29 82 13544 3 498188 122627 1.7 64 38 5 32 3%   0 347320 26049 100%
c - 21.34 51 140 29 83 13546 3 500372 116801 1.7 64 38 5 32 3%   0 347320 26049 100%
c - 21.64 51 140 29 84 13550 3 509482 114945 1.7 64 39 5 32 3%   0 347320 26049 100%
c - 21.97 51 139 29 85 13556 3 518649 112001 1.7 65 39 5 32 3%   0 347320 26049 100%
c u 22.34 68 138 29 85 13558 3 525434 113619 1.7 65 39 5 32 3%   0 347320 26049 100%
c v 22.38 68 138 29 85 13558 3 525434 112119 1.7 65 39 5 32 3%   0 347320 26049 100%
c w 22.47 70 138 29 85 13558 3 525434 112094 1.7 65 39 5 32 3%   0 347320 26049 100%
c - 22.60 70 137 29 86 13558 3 527868 104978 1.7 64 39 5 32 3%   0 347320 26049 100%
c - 22.90 70 136 29 87 13564 3 537141 106190 1.7 63 38 5 32 3%   0 347320 26049 100%
c ] 23.13 70 135 30 87 13568 3 545579 114594 1.7 62 37 5 32 3%   0 347320 26049 100%
c { 23.13 70 246 30 87 13568 29 545579 114594 1.3 10 7 5 10 4%   0 347320 26049 100%
c - 23.17 71 246 30 88 13610 29 546470 107953 1.3 10 7 5 10 4%   0 347320 26049 100%
c - 23.44 72 247 30 89 14027 29 555850 111604 1.3 10 7 5 10 4%   0 347320 26049 100%
c - 23.69 72 248 30 90 14441 29 565283 114558 1.3 10 7 5 10 4%   0 347320 26049 100%
c o 23.93 73 248 30 90 14828 29 574405 123628 1.3 10 7 5 10 4%   0 347320 26049 100%
c
c seconds    switched      rate           size/glue tier1   binary          remaining
c        MB    reductions    conflicts          size  tier2    irredundant
c          level    restarts        redundant     glue   trail         variables
c
c - 23.97 73 248 30 91 14855 29 574769 116253 1.3 10 7 5 10 4%   0 347320 26049 100%
c - 24.23 73 248 30 92 15241 29 584308 117578 1.3 10 7 5 10 4%   0 347320 26049 100%
c u 24.63 74 248 30 92 15673 29 593224 119680 1.3 10 7 5 10 4%   0 347320 26049 100%
c v 24.73 74 248 30 92 15673 29 593224 115135 1.3 10 7 5 10 4%   0 347320 26049 100%
c w 24.77 74 248 30 92 15673 29 593224 114954 1.3 10 7 5 10 4%   0 347320 26049 100%
c - 24.86 74 248 30 93 15697 29 593900 108761 1.3 10 7 5 10 4%   0 347320 26049 100%
c } 25.02 74 248 31 93 15959 29 600013 114839 1.3 10 7 5 10 4%   0 347320 26049 100%
c [ 25.02 74 135 31 93 15959 3 600013 114839 1.7 62 37 5 32 3%   0 347320 26049 100%
c O 25.02 74 135 31 93 15959 3 600013 114839 1.7 62 37 5 32 3%   0 347320 26049 100%
c - 25.16 74 136 31 94 15961 3 603543 110079 1.7 63 38 5 32 3%   0 347320 26049 100%
c - 25.54 75 137 31 95 15966 2 613239 110573 1.7 65 39 5 32 3%   0 347320 26049 100%
c - 25.94 75 137 31 96 15972 2 622985 111233 1.7 67 40 5 32 3%   0 347320 26049 100%
c - 26.36 76 136 31 97 15973 2 632784 111056 1.6 69 42 5 32 3%   0 347320 26049 100%
c - 26.81 77 136 31 98 15980 2 642632 110447 1.6 72 44 5 32 3%   0 347320 26049 100%
c ] 26.83 77 136 32 98 15980 2 642956 110770 1.6 72 44 5 32 3%   0 347320 26049 100%
c { 26.83 77 248 32 98 15980 29 642956 110770 1.3 10 7 5 10 4%   0 347320 26049 100%
c - 27.10 77 249 32 99 16446 29 652531 114225 1.3 10 7 5 10 4%   0 347320 26049 100%
c - 27.38 77 250 32 100 16886 29 662480 117392 1.3 10 7 5 10 4%   0 347320 26049 100%
c u 27.64 77 250 32 100 17030 29 665569 110696 1.3 10 7 5 10 4%   0 347320 26049 100%
c v 27.73 78 250 32 100 17030 29 665569 105481 1.3 10 7 5 10 4%   0 347320 26049 100%
c
c seconds    switched       rate           size/glue tier1   binary          remaining
c        MB    reductions     conflicts          size  tier2    irredundant
c          level     restarts        redundant     glue   trail         variables
c
c w 27.79 78 250 32 100 17030 29 665569 105025 1.3 10 7 5 10 4%   0 347320 26049 100%
c - 28.03 78 250 32 101 17316 29 672481 106375 1.3 10 8 5 10 4%   0 347320 26049 100%
c - 28.30 78 250 32 102 17781 29 682530 110625 1.3 10 8 5 10 4%   0 347320 26049 100%
c o 28.36 78 250 32 102 17853 29 684466 112550 1.3 10 8 5 10 4%   0 347320 26049 100%
c - 28.58 78 250 32 103 18190 29 692629 113684 1.3 10 8 5 10 4%   0 347320 26049 100%
c - 28.86 78 250 32 104 18622 29 702777 115867 1.3 10 8 5 10 4%   0 347320 26049 100%
c } 28.89 78 251 33 104 18687 29 704060 117134 1.3 10 8 5 10 4%   0 347320 26049 100%
c [ 28.89 78 136 33 104 18687 2 704060 117134 1.6 72 44 5 32 3%   0 347320 26049 100%
c B 28.89 78 136 33 104 18687 2 704060 117134 1.6 72 44 5 32 3%   0 347320 26049 100%
c - 29.22 78 137 33 105 18693 2 712975 117191 1.6 72 45 5 32 3%   0 347320 26049 100%
c - 29.66 79 138 33 106 18699 2 723221 116815 1.6 75 47 5 33 3%   0 347320 26049 100%
c - 30.00 79 137 33 107 18701 2 733517 118437 1.6 74 46 5 33 3%   0 347320 26049 100%
c u 30.63 70 137 33 107 18706 2 742518 117215 1.6 73 45 5 33 3%   0 347320 26049 100%
c v 30.68 71 137 33 107 18706 2 742518 115220 1.6 73 45 5 33 3%   0 347320 26049 100%
c w 30.78 73 137 33 107 18706 2 742518 114980 1.6 73 45 5 33 3%   0 347320 26049 100%
c - 31.13 73 137 33 108 18707 2 743861 110095 1.6 72 45 5 33 3%   0 347320 26049 100%
c - 31.44 73 136 33 109 18712 2 754254 113180 1.6 70 43 5 32 3%   0 347320 26049 100%
c ] 31.60 73 135 34 109 18715 2 759890 118804 1.6 68 42 5 32 3%   0 347320 26049 100%
c { 31.60 73 251 34 109 18715 29 759890 118804 1.3 10 8 5 10 4%   0 347320 26049 100%
c - 31.73 74 247 34 110 18817 28 764694 116037 1.3 10 7 5 10 4%   0 347320 26049 100%
c
c seconds    switched       rate           size/glue tier1   binary          remaining
c        MB    reductions     conflicts          size  tier2    irredundant
c          level     restarts        redundant     glue   trail         variables
c
c - 31.97 75 241 34 111 19012 27 775182 119075 1.3 10 7 5 10 4%   0 347320 26049 100%
c - 32.22 75 234 34 112 19194 26 785717 122446 1.4 10 7 5 10 4%   0 347320 26049 100%
c - 32.47 75 229 34 113 19406 26 796300 126034 1.4 10 7 5 10 4%   0 347320 26049 100%
c o 32.67 76 225 34 113 19573 25 804698 134417 1.4 10 7 5 10 4%   0 347320 26049 100%
c - 32.75 76 224 34 114 19620 25 806931 130113 1.4 10 7 5 10 4%   0 347320 26049 100%
c - 33.00 76 220 34 115 19859 24 817608 135666 1.4 10 7 5 10 4%   0 347320 26049 100%
c u 33.32 77 218 34 115 20017 24 824125 137237 1.4 10 7 5 10 4%   0 347320 26049 100%
c v 33.40 77 218 34 115 20017 24 824125 133785 1.4 10 7 5 10 4%   0 347320 26049 100%
c w 33.44 77 218 34 115 20017 24 824125 133654 1.4 10 7 5 10 4%   0 347320 26049 100%
c } 33.66 77 216 35 115 20073 24 828036 137558 1.4 10 7 5 10 4%   0 347320 26049 100%
c [ 33.66 77 135 35 115 20073 2 828036 137558 1.6 68 42 5 32 3%   0 347320 26049 100%
c W 33.92 52 135 35 115 20073 2 828036 137558 1.6 68 42 5 32 3%   0 347320 26049 100%
c - 33.94 52 135 35 116 20073 2 828332 134601 1.6 68 42 5 32 3%   0 347320 26049 100%
c - 34.29 52 136 35 117 20079 2 839102 138627 1.6 68 42 5 32 3%   0 347320 26049 100%
c - 34.62 68 136 35 118 20086 2 849918 141431 1.6 66 41 5 32 3%   0 347320 26049 100%
c - 35.07 70 135 35 119 20087 2 860781 141638 1.6 67 41 5 32 3%   0 347320 26049 100%
c - 35.49 70 134 35 120 20094 2 871690 138535 1.7 67 41 5 32 3%   0 347320 26049 100%
c - 35.88 70 134 35 121 20101 2 882645 135778 1.6 67 41 5 32 3%   0 347320 26049 100%
c ] 35.89 70 134 36 121 20101 2 883088 136219 1.6 67 41 5 32 3%   0 347320 26049 100%
c { 35.89 70 216 36 121 20101 24 883088 136219 1.4 10 7 5 10 4%   0 347320 26049 100%
c
c seconds    switched       rate           size/glue tier1   binary          remaining
c        MB    reductions     conflicts          size  tier2    irredundant
c          level     restarts        redundant     glue   trail         variables
c
c - 36.20 73 220 36 122 20625 24 893646 135645 1.4 10 7 5 10 4%   0 347320 26049 100%
c - 36.52 74 223 36 123 21173 25 904691 136303 1.4 10 7 5 10 4%   0 347320 26049 100%
c u 36.85 75 225 36 123 21460 25 910442 133141 1.4 10 7 5 10 4%   0 347320 26049 100%
c v 36.96 75 225 36 123 21460 25 910442 127111 1.4 10 7 5 10 4%   0 347320 26049 100%
c w 37.02 75 225 36 123 21460 25 910442 126791 1.4 10 7 5 10 4%   0 347320 26049 100%
c - 37.23 75 227 36 124 21709 25 915782 123999 1.4 10 7 5 10 4%   0 347320 26049 100%
c - 37.54 76 229 36 125 22224 26 926918 128779 1.4 10 7 5 10 4%   0 347320 26049 100%
c o 37.76 76 231 36 125 22620 26 934702 136516 1.4 10 7 5 10 4%   0 347320 26049 100%
c - 37.87 76 232 36 126 22767 26 938099 135284 1.4 10 7 5 10 4%   0 347320 26049 100%
c - 38.18 76 234 36 127 23284 27 949323 141174 1.4 10 7 5 10 4%   0 347320 26049 100%
c } 38.43 76 236 37 127 23764 27 958644 150439 1.4 10 7 5 10 4%   0 347320 26049 100%
c [ 38.43 76 134 37 127 23764 2 958644 150439 1.6 67 41 5 32 3%   0 347320 26049 100%
c I 38.43 76 134 37 127 23764 2 958644 150439 1.6 67 41 5 32 3%   0 347320 26049 100%
c - 38.50 76 134 37 128 23765 2 960593 146952 1.6 67 40 5 32 3%   0 347320 26049 100%
c - 38.89 76 134 37 129 23771 2 971906 149236 1.6 67 41 5 32 3%   0 347320 26049 100%
c - 39.35 77 133 37 130 23778 2 983264 145982 1.6 69 43 5 32 3%   0 347320 26049 100%
c - 39.80 78 131 37 131 23781 2 994665 142402 1.6 70 43 5 32 3%   0 347320 26049 100%
c u 40.22 78 132 37 131 23785 2 1001522 139392 1.6 69 43 5 32 3%   0 347320 26049 100%
c v 40.27 78 132 37 131 23785 2 1001522 137677 1.6 69 43 5 32 3%   0 347320 26049 100%
c w 40.40 80 132 37 131 23785 2 1001522 137609 1.6 69 43 5 32 3%   0 347320 26049 100%
c
c seconds    switched      rate            size/glue  tier1   binary          remaining
c        MB    reductions     conflicts          size   tier2    irredundant
c          level     restarts        redundant      glue   trail         variables
c
c - 40.64 80 132 37 132 23788 2 1006110 129104 1.6 70 43 5 32 3%   0 347320 26049 100%
c - 41.06 80 132 37 133 23793 2 1017599 127239 1.6 69 43 5 32 3%   0 347320 26049 100%
c B 41.41 80 132 37 133 23794 2 1026326 135869 1.6 70 43 5 32 3%   0 347320 26049 100%
c ] 41.43 80 132 38 133 23794 2 1027114 136653 1.6 70 43 5 32 3%   0 347320 26049 100%
c { 41.43 80 236 38 133 23794 27 1027114 136653 1.4 10 7 5 10 4%   0 347320 26049 100%
c - 41.50 80 234 38 134 23846 27 1029131 124925 1.4 10 7 5 10 4%   0 347320 26049 100%
c - 41.78 80 229 38 135 24087 26 1040706 125968 1.4 10 7 5 10 4%   0 347320 26049 100%
c - 42.05 80 224 38 136 24321 25 1052324 130396 1.4 10 7 5 10 4%   0 347320 26049 100%
c - 42.34 81 219 38 137 24573 24 1063985 136266 1.4 10 7 5 10 4%   0 347320 26049 100%
c o 42.61 81 215 38 137 24844 24 1074766 147029 1.4 10 7 5 10 4%   0 347320 26049 100%
c - 42.64 81 215 38 138 24854 24 1075691 142479 1.4 10 7 5 10 4%   0 347320 26049 100%
c - 42.93 81 211 38 139 25096 23 1087438 148547 1.4 10 7 5 10 4%   0 347320 26049 100%
c u 43.39 82 208 38 139 25325 23 1097417 147918 1.4 10 7 5 10 4%   0 347320 26049 100%
c v 43.51 82 208 38 139 25325 23 1097417 141482 1.4 10 7 5 10 4%   0 347320 26049 100%
c w 43.56 82 208 38 139 25325 23 1097417 141209 1.4 10 7 5 10 4%   0 347320 26049 100%
c - 43.67 82 208 38 140 25358 23 1099227 139475 1.4 10 7 5 10 4%   0 347320 26049 100%
c } 43.94 82 205 39 140 25615 23 1110450 150678 1.4 10 7 5 10 4%   0 347320 26049 100%
c [ 43.94 82 132 39 140 25615 2 1110450 150678 1.6 70 43 5 32 3%   0 347320 26049 100%
c W 44.29 53 132 39 140 25615 2 1110450 150678 1.6 70 43 5 32 3%   0 347320 26049 100%
c - 44.32 53 133 39 141 25615 2 1111060 146399 1.6 70 43 5 32 3%   0 347320 26049 100%
c
c seconds    switched      rate            size/glue  tier1   binary          remaining
c        MB    reductions     conflicts          size   tier2    irredundant
c          level     restarts        redundant      glue   trail         variables
c
c - 44.74 53 134 39 142 25622 2 1122934 147016 1.6 71 44 5 32 3%   0 347320 26049 100%
c - 45.17 70 133 39 143 25628 2 1134850 144814 1.6 70 44 5 32 3%   0 347320 26049 100%
c - 45.59 70 132 39 144 25632 2 1146809 143183 1.6 69 43 5 32 3%   0 347320 26049 100%
c - 45.99 71 132 39 145 25639 2 1158809 141792 1.6 68 42 5 31 3%   0 347320 26049 100%
c - 46.37 71 130 39 146 25644 2 1170850 139961 1.6 66 40 5 31 3%   0 347320 26049 100%
c ] 46.75 72 128 40 146 25645 2 1179851 148862 1.7 67 41 5 31 3%   0 347320 26049 100%
c { 46.75 72 205 40 146 25645 23 1179851 148862 1.4 10 7 5 10 4%   0 347320 26049 100%
c - 46.86 74 206 40 147 25831 23 1182933 137336 1.4 10 7 5 10 4%   0 347320 26049 100%
c - 47.20 75 212 40 148 26492 24 1195058 141392 1.4 10 7 5 10 4%   0 347320 26049 100%
c u 47.52 76 213 40 148 26680 24 1198154 131347 1.4 10 7 5 10 4%   0 347320 26049 100%
c v 47.60 76 213 40 148 26680 24 1198154 126767 1.4 10 7 5 10 4%   0 347320 26049 100%
c w 47.68 76 213 40 148 26680 24 1198154 125940 1.4 10 7 5 10 4%   0 347320 26049 100%
c - 47.98 76 217 40 149 27171 25 1207223 131497 1.4 10 7 5 10 4%   0 347320 26049 100%
c - 48.33 77 221 40 150 27896 25 1219430 140761 1.3 10 7 5 10 4%   0 347320 26049 100%
c o 48.48 77 223 40 150 28207 26 1224769 146058 1.3 10 7 5 10 4%   0 347320 26049 100%
c - 48.68 77 225 40 151 28549 26 1231677 148598 1.3 10 7 5 10 4%   0 347320 26049 100%
c - 49.03 77 228 40 152 29125 26 1243967 155231 1.3 10 7 5 10 4%   0 347320 26049 100%
c - 49.36 77 230 40 153 29684 27 1256295 161352 1.3 10 7 5 10 4%   0 347320 26049 100%
c - 49.72 78 233 40 154 30337 27 1268665 167390 1.3 10 7 5 10 4%   0 347320 26049 100%
c } 49.79 78 233 41 154 30450 27 1271324 170039 1.3 10 7 5 10 4%   0 347320 26049 100%
c
c seconds    switched      rate            size/glue  tier1   binary          remaining
c        MB    reductions     conflicts          size   tier2    irredundant
c          level     restarts        redundant      glue   trail         variables
c
c [ 49.79 78 128 41 154 30450 2 1271324 170039 1.7 67 41 5 31 3%   0 347320 26049 100%
c O 49.79 78 128 41 154 30450 2 1271324 170039 1.7 67 41 5 31 3%   0 347320 26049 100%
c - 50.08 78 128 41 155 30456 2 1281074 169630 1.7 66 39 5 31 3%   0 347320 26049 100%
c - 50.46 78 128 41 156 30463 2 1293524 167964 1.7 64 38 5 31 3%   0 347320 26049 100%
c u 51.09 79 127 41 156 30464 2 1303787 170038 1.7 66 39 5 31 3%   0 347320 26049 100%
c v 51.18 80 127 41 156 30464 2 1303787 167075 1.7 66 39 5 31 3%   0 347320 26049 100%
c w 51.30 84 127 41 156 30464 2 1303787 166958 1.7 66 39 5 31 3%   0 347320 26049 100%
c - 51.45 84 127 41 157 30466 2 1306016 153894 1.7 65 39 5 31 3%   0 347320 26049 100%
c - 51.84 84 127 41 158 30474 2 1318546 151554 1.7 64 38 5 31 3%   0 347320 26049 100%
c - 52.23 84 126 41 159 30479 2 1331117 150345 1.7 62 37 5 31 3%   0 347320 26049 100%
c - 52.82 85 124 41 160 30480 2 1343728 148682 1.7 64 39 5 31 3%   0 347320 26049 100%
c ] 53.30 64 123 42 160 30480 2 1352853 157703 1.7 67 40 5 31 3%   0 347320 26049 100%
c { 53.30 64 233 42 160 30480 27 1352853 157703 1.3 10 7 5 10 4%   0 347320 26049 100%
c - 53.43 73 234 42 161 30653 27 1356378 148110 1.3 10 7 5 10 4%   0 347320 26049 100%
c - 53.78 75 236 42 162 31254 27 1369067 154301 1.3 10 7 5 10 4%   0 347320 26049 100%
c - 54.13 76 237 42 163 31810 27 1381794 160601 1.3 10 7 5 10 4%   0 347320 26049 100%
c o 54.25 76 238 42 163 31975 28 1384770 163555 1.3 10 7 5 10 4%   0 347320 26049 100%
c - 54.51 77 239 42 164 32421 28 1394562 166591 1.3 10 7 5 10 4%   0 347320 26049 100%
c - 54.89 77 240 42 165 33012 28 1407368 171555 1.3 10 7 5 10 4%   0 347320 26049 100%
c u 55.43 75 240 42 165 33325 28 1414367 165972 1.3 10 7 5 10 4%   0 347320 26049 100%
c
c seconds    switched       rate            size/glue tier1   binary          remaining
c        MB    reductions      conflicts          size  tier2    irredundant
c          level     restarts         redundant     glue   trail         variables
c
c v 55.57 76 240 42 165 33325 28 1414367 158999 1.3 10 7 5 10 4%   0 347320 26049 100%
c w 55.65 76 240 42 165 33325 28 1414367 158536 1.3 10 7 5 10 4%   0 347320 26049 100%
c - 56.23 76 241 42 166 33610 28 1420214 156248 1.3 10 7 5 10 4%   0 347320 26049 100%
c - 56.60 77 242 42 167 34138 28 1433098 160340 1.3 10 7 5 10 4%   0 347320 26049 100%
c - 56.96 77 243 42 168 34736 28 1446021 163291 1.3 10 7 5 10 4%   0 347320 26049 100%
c } 57.13 77 244 43 168 35054 28 1452826 170066 1.3 10 7 5 10 4%   0 347320 26049 100%
c [ 57.13 77 123 43 168 35054 2 1452826 170066 1.7 67 40 5 31 3%   0 347320 26049 100%
c B 57.13 77 123 43 168 35054 2 1452826 170066 1.7 67 40 5 31 3%   0 347320 26049 100%
c - 57.36 77 124 43 169 35059 2 1458982 162595 1.7 68 41 5 31 3%   0 347320 26049 100%
c - 57.88 78 125 43 170 35066 2 1471983 157059 1.6 70 43 5 31 3%   0 347320 26049 100%
c - 58.45 79 125 43 171 35068 2 1485021 151395 1.6 71 44 5 31 3%   0 347320 26049 100%
c - 59.19 80 124 43 172 35076 2 1498100 145031 1.6 74 46 5 31 3%   0 347320 26049 100%
c - 59.76 80 122 43 173 35083 2 1511215 144542 1.6 74 47 5 31 3%   0 347320 26049 100%
c ] 60.38 81 122 44 173 35084 2 1523783 156903 1.6 77 48 5 31 3%   0 347320 26049 100%
c { 60.38 81 244 44 173 35084 28 1523783 156903 1.3 10 7 5 10 4%   0 347320 26049 100%
c - 60.42 81 244 44 174 35125 28 1524367 145004 1.3 10 7 5 10 4%   0 347320 26049 100%
c u 60.78 81 244 44 174 35404 28 1529894 139134 1.3 10 7 5 10 4%   0 347320 26049 100%
c v 60.85 81 244 44 174 35404 28 1529894 136574 1.3 10 7 5 10 4%   0 347320 26049 100%
c w 60.93 82 244 44 174 35404 28 1529894 135820 1.3 10 7 5 10 4%   0 347320 26049 100%
c - 61.34 82 245 44 175 35752 28 1537557 137633 1.3 10 7 5 10 4%   0 347320 26049 100%
c
c seconds    switched       rate            size/glue tier1   binary          remaining
c        MB    reductions      conflicts          size  tier2    irredundant
c          level     restarts         redundant     glue   trail         variables
c
c - 61.72 82 246 44 176 36336 28 1550786 146688 1.3 10 8 5 10 4%   0 347320 26049 100%
c o 61.85 82 247 44 176 36511 28 1554772 150654 1.3 10 8 5 10 4%   0 347320 26049 100%
c - 62.11 82 247 44 177 36869 28 1564052 154940 1.3 10 8 5 10 4%   0 347320 26049 100%
c - 62.51 82 248 44 178 37449 28 1577356 161346 1.3 10 8 5 10 4%   0 347320 26049 100%
c - 62.89 83 248 44 179 38040 28 1590697 164597 1.3 10 8 5 10 4%   0 347320 26049 100%
c - 63.27 83 248 44 180 38596 28 1604077 167253 1.3 10 8 5 10 4%   0 347320 26049 100%
c - 63.65 83 248 44 181 39140 28 1617493 169759 1.3 10 8 5 10 4%   0 347320 26049 100%
c - 64.06 83 248 44 182 39722 28 1630946 172014 1.3 10 8 5 10 4%   0 347320 26049 100%
c } 64.10 83 248 45 182 39780 28 1632614 173674 1.3 10 8 5 10 4%   0 347320 26049 100%
c [ 64.10 83 122 45 182 39780 2 1632614 173674 1.6 77 48 5 31 3%   0 347320 26049 100%
c W 64.67 55 122 45 182 39780 2 1632614 173674 1.6 77 48 5 31 3%   0 347320 26049 100%
c - 65.09 71 124 45 183 39786 2 1644439 169910 1.6 76 48 5 31 3%   0 347320 26049 100%
c u 65.56 76 124 45 183 39791 2 1650447 161511 1.6 76 47 5 31 3%   0 347320 26049 100%
c v 65.66 77 124 45 183 39791 2 1650447 157046 1.6 76 47 5 31 3%   0 347320 26049 100%
c w 65.78 78 124 45 183 39791 2 1650447 157012 1.6 76 47 5 31 3%   0 347320 26049 100%
c - 66.12 78 126 45 184 39794 2 1657966 156039 1.6 75 47 5 31 3%   0 347320 26049 100%
c - 66.57 79 128 45 185 39799 2 1671531 159932 1.6 74 46 5 31 3%   0 347320 26049 100%
c - 67.01 79 128 45 186 39807 2 1685132 163003 1.6 72 44 5 31 3%   0 347320 26049 100%
c - 67.54 79 127 45 187 39810 2 1698771 164198 1.6 72 44 5 31 3%   0 347320 26049 100%
c - 68.16 80 125 45 188 39810 2 1712445 163272 1.6 73 45 5 31 3%   0 347320 26049 100%
c
c seconds    switched      rate            size/glue  tier1   binary          remaining
c        MB    reductions     conflicts          size   tier2    irredundant
c          level     restarts        redundant      glue   trail         variables
c
c - 68.63 81 124 45 189 39817 2 1726158 163924 1.6 71 44 5 31 3%   0 347320 26049 100%
c I 68.70 81 124 45 189 39819 2 1728329 166072 1.6 71 44 5 31 3%   0 347320 26049 100%
c ] 68.86 81 124 46 189 39823 2 1734039 171753 1.6 70 43 5 31 3%   0 347320 26049 100%
c { 68.86 81 248 46 189 39823 28 1734039 171753 1.3 10 8 5 10 4%   0 347320 26049 100%
c o 68.90 81 248 46 189 39866 28 1734808 172520 1.3 10 8 5 10 4%   0 347320 26049 100%
c - 69.05 81 248 46 190 40074 28 1739906 167646 1.3 10 8 5 10 4%   0 347320 26049 100%
c - 69.46 82 247 46 191 40619 28 1753691 173805 1.3 10 8 5 10 4%   0 347320 26049 100%
c - 69.84 82 247 46 192 41202 27 1767511 178798 1.3 10 8 5 10 4%   0 347320 26049 100%
c u 70.32 83 247 46 192 41568 27 1776053 174320 1.3 10 8 5 10 4%   0 347320 26049 100%
c v 70.47 83 247 46 192 41568 27 1776053 166353 1.3 10 8 5 10 4%   0 347320 26049 100%
c w 70.55 83 247 46 192 41568 27 1776053 165956 1.3 10 8 5 10 4%   0 347320 26049 100%
c - 70.76 83 247 46 193 41806 27 1781367 162233 1.3 10 8 5 10 4%   0 347320 26049 100%
c - 71.15 84 247 46 194 42373 27 1795259 166538 1.3 10 8 5 10 4%   0 347320 26049 100%
c - 71.54 84 247 46 195 43014 27 1809188 169717 1.3 10 8 5 10 4%   0 347320 26049 100%
c - 71.94 84 247 46 196 43551 27 1823152 171420 1.3 10 8 5 10 4%   0 347320 26049 100%
c - 72.32 84 247 46 197 44056 27 1837152 172440 1.3 10 8 5 10 4%   0 347320 26049 100%
c - 72.72 84 248 46 198 44706 27 1851188 173366 1.3 10 8 5 10 4%   0 347320 26049 100%
c } 72.75 84 248 47 198 44737 27 1852083 174257 1.3 10 8 5 10 4%   0 347320 26049 100%
c [ 72.75 84 124 47 198 44737 2 1852083 174257 1.6 70 43 5 31 3%   0 347320 26049 100%
c B 72.75 84 124 47 198 44737 2 1852083 174257 1.6 70 43 5 31 3%   0 347320 26049 100%
c
c seconds    switched      rate            size/glue  tier1   binary          remaining
c        MB    reductions     conflicts          size   tier2    irredundant
c          level     restarts        redundant      glue   trail         variables
c
c - 73.17 85 125 47 199 44744 2 1865259 170480 1.6 68 42 5 31 3%   0 347320 26049 100%
c - 73.57 85 125 47 200 44751 2 1879365 169644 1.6 66 40 5 31 3%   0 347320 26049 100%
c - 74.19 85 121 47 201 44758 2 1893508 170099 1.7 67 40 5 30 3%   0 347320 26049 100%
c u 74.82 86 120 47 201 44765 2 1906738 171100 1.7 64 38 5 30 3%   0 347320 26049 100%
c v 74.92 86 120 47 201 44765 2 1906738 167528 1.7 64 38 5 30 3%   0 347320 26049 100%
c w 75.04 88 120 47 201 44765 2 1906738 167496 1.7 64 38 5 30 3%   0 347320 26049 100%
c - 75.15 66 120 47 202 44765 2 1907692 159074 1.7 64 38 5 30 3%   0 347320 26049 100%
c - 75.69 70 118 47 203 44767 2 1921905 162196 1.7 64 38 5 30 3%   0 347320 26049 100%
c - 76.47 72 117 47 204 44770 2 1936152 162053 1.7 68 40 5 30 3%   0 347320 26049 100%
c o 76.90 73 116 47 204 44776 2 1947372 173175 1.7 67 40 5 30 3%   0 347320 26049 100%
c - 77.02 73 116 47 205 44777 2 1950438 163765 1.7 67 39 5 30 3%   0 347320 26049 100%
c ] 77.17 74 117 48 205 44781 2 1955646 168963 1.7 65 39 5 30 3%   0 347320 26049 100%
c { 77.17 74 248 48 205 44781 27 1955646 168963 1.3 10 8 5 10 4%   0 347320 26049 100%
c - 77.43 78 248 48 206 45139 27 1964756 166126 1.3 10 8 5 10 4%   0 347320 26049 100%
c - 77.85 80 248 48 207 45746 27 1979108 167995 1.3 10 8 5 10 4%   0 347320 26049 100%
c - 78.26 80 248 48 208 46332 27 1993495 169251 1.3 10 8 5 10 4%   0 347320 26049 100%
c - 78.68 81 248 48 209 46903 27 2007917 170469 1.4 10 8 5 10 4%   0 347320 26049 100%
c - 79.08 81 248 48 210 47469 27 2022373 171870 1.4 10 8 5 10 4%   0 347320 26049 100%
c - 79.50 81 248 48 211 48090 27 2036865 173309 1.4 10 8 5 10 4%   0 347320 26049 100%
c u 79.95 82 248 48 211 48350 27 2042528 162027 1.4 10 8 5 10 4%   0 347320 26049 100%
c
c seconds    switched       rate            size/glue tier1   binary          remaining
c        MB    reductions      conflicts          size  tier2    irredundant
c          level     restarts         redundant     glue   trail         variables
c
c v 80.10 82 248 48 211 48350 27 2042528 154376 1.4 10 8 5 10 4%   0 347320 26049 100%
c w 80.22 82 248 48 211 48350 27 2042528 153540 1.4 10 8 5 10 4%   0 347320 26049 100%
c - 80.51 82 247 48 212 48662 27 2051390 154745 1.4 10 8 5 10 4%   0 347320 26049 100%
c - 80.92 82 247 48 213 49208 27 2065950 161779 1.4 10 8 5 10 4%   0 347320 26049 100%
c - 81.33 82 247 48 214 49781 27 2080544 170020 1.4 10 8 5 10 4%   0 347320 26049 100%
c } 81.39 82 247 49 214 49906 27 2083256 172721 1.4 10 8 5 10 4%   0 347320 26049 100%
c [ 81.39 82 117 49 214 49906 2 2083256 172721 1.7 65 39 5 30 3%   0 347320 26049 100%
c W 82.10 56 117 49 214 49906 2 2083256 172721 1.7 65 39 5 30 3%   0 347320 26049 100%
c - 82.51 73 121 49 215 49912 2 2095172 174494 1.7 65 39 5 30 3%   0 347320 26049 100%
c - 83.06 73 123 49 216 49920 2 2109834 176855 1.7 65 39 5 30 3%   0 347320 26049 100%
c - 83.68 75 125 49 217 49927 2 2124531 178018 1.7 67 40 5 30 3%   0 347320 26049 100%
c - 84.17 75 124 49 218 49934 2 2139261 181019 1.7 65 39 5 30 3%   0 347320 26049 100%
c - 84.71 76 122 49 219 49936 2 2154028 184194 1.7 64 38 5 30 3%   0 347320 26049 100%
c o 85.29 76 121 49 219 49938 2 2166244 196229 1.7 66 39 5 30 3%   0 347320 26049 100%
c - 85.42 77 120 49 220 49939 2 2168826 184444 1.7 66 39 5 30 3%   0 347320 26049 100%
c u 86.23 81 119 49 220 49948 2 2183477 184233 1.7 64 38 5 30 3%   0 347320 26049 100%
c v 86.33 81 119 49 220 49948 2 2183477 181167 1.7 64 38 5 30 3%   0 347320 26049 100%
c w 86.48 84 119 49 220 49948 2 2183477 181084 1.7 64 38 5 30 3%   0 347320 26049 100%
c - 86.57 84 119 49 221 49948 2 2183658 170086 1.7 64 38 5 30 3%   0 347320 26049 100%
c ] 86.88 84 119 50 221 49951 2 2192417 178802 1.7 64 38 5 30 3%   0 347320 26049 100%
c
c seconds    switched       rate            size/glue tier1   binary          remaining
c        MB    reductions      conflicts          size  tier2    irredundant
c          level     restarts         redundant     glue   trail         variables
c
c { 86.88 84 247 50 221 49951 27 2192417 178802 1.4 10 8 5 10 4%   0 347320 26049 100%
c - 87.05 84 243 50 222 50063 26 2198524 175353 1.4 10 8 5 10 4%   0 347320 26049 100%
c - 87.44 85 234 50 223 50357 25 2213424 182750 1.4 10 7 5 10 4%   0 347320 26049 100%
c - 87.83 85 227 50 224 50646 24 2228358 188582 1.4 10 7 5 10 4%   0 347320 26049 100%
c - 88.21 86 220 50 225 50955 23 2243324 190967 1.4 10 7 5 10 4%   0 347320 26049 100%
c - 88.61 86 215 50 226 51272 23 2258324 192522 1.4 10 7 5 10 4%   0 347320 26049 100%
c - 89.00 87 210 50 227 51575 22 2273357 193804 1.4 10 7 5 10 4%   0 347320 26049 100%
c - 89.39 87 206 50 228 51915 22 2288425 195149 1.4 10 7 5 10 4%   0 347320 26049 100%
c - 89.77 87 202 50 229 52244 21 2303524 196457 1.4 10 7 5 10 3%   0 347320 26049 100%
c - 90.17 87 198 50 230 52569 21 2318656 201980 1.4 10 7 5 10 3%   0 347320 26049 100%
c u 90.70 88 196 50 230 52833 21 2329611 201469 1.4 10 7 5 10 3%   0 347320 26049 100%
c v 90.87 89 196 50 230 52833 21 2329611 192813 1.4 10 7 5 10 3%   0 347320 26049 100%
c w 90.94 89 196 50 230 52833 21 2329611 192478 1.4 10 7 5 10 3%   0 347320 26049 100%
c } 91.01 89 196 51 230 52835 21 2329942 192808 1.4 10 7 5 10 3%   0 347320 26049 100%
c [ 91.01 89 119 51 230 52835 2 2329942 192808 1.7 64 38 5 30 3%   0 347320 26049 100%
c O 91.01 89 119 51 230 52835 2 2329942 192808 1.7 64 38 5 30 3%   0 347320 26049 100%
c - 91.15 89 120 51 231 52837 2 2333821 190001 1.7 63 37 5 30 3%   0 347320 26049 100%
c - 91.58 89 120 51 232 52847 2 2349019 197564 1.7 61 36 5 30 3%   0 347320 26049 100%
c - 92.28 90 119 51 233 52851 2 2364250 200257 1.7 64 37 5 30 3%   0 347320 26049 100%
c - 92.77 73 118 51 234 52860 2 2379514 203604 1.7 61 35 5 30 3%   0 347320 26049 100%
c
c seconds    switched      rate            size/glue  tier1   binary          remaining
c        MB    reductions     conflicts          size   tier2    irredundant
c          level     restarts        redundant      glue   trail         variables
c
c - 93.31 75 117 51 235 52864 2 2394811 206933 1.7 61 35 5 29 3%   0 347320 26049 100%
c - 94.07 77 113 51 236 52865 2 2410140 206073 1.8 63 36 5 29 3%   0 347320 26049 100%
c o 94.17 77 113 51 236 52866 2 2411890 207782 1.8 64 36 5 29 3%   0 347320 26049 100%
c - 94.61 77 113 51 237 52874 2 2425502 204422 1.8 61 35 5 29 3%   0 347320 26049 100%
c - 95.14 78 113 51 238 52880 2 2440896 201844 1.8 61 34 5 29 3%   0 347320 26049 100%
c ] 95.23 78 113 52 238 52880 2 2442795 203734 1.8 61 35 5 29 3%   0 347320 26049 100%
c { 95.23 78 196 52 238 52880 21 2442795 203734 1.4 10 7 5 10 3%   0 347320 26049 100%
c - 95.65 82 203 52 239 53617 22 2456323 200535 1.4 10 7 5 10 3%   0 347320 26049 100%
c - 96.12 83 209 52 240 54483 23 2471783 201221 1.4 10 7 5 10 3%   0 347320 26049 100%
c u 96.83 80 212 52 240 55044 24 2480980 195531 1.4 10 7 5 10 4%   0 347320 26049 100%
c v 97.01 81 212 52 240 55044 24 2480980 186867 1.4 10 7 5 10 4%   0 347320 26049 100%
c w 97.12 81 212 52 240 55044 24 2480980 186119 1.4 10 7 5 10 4%   0 347320 26049 100%
c - 97.85 81 215 52 241 55363 24 2487274 181231 1.4 10 7 5 10 4%   0 347320 26049 100%
c - 98.31 82 220 52 242 56171 25 2502798 186153 1.3 10 7 5 10 4%   0 347320 26049 100%
c - 98.76 82 224 52 243 56941 26 2518354 189999 1.3 10 7 5 10 4%   0 347320 26049 100%
c - 99.22 83 228 52 244 57771 26 2533942 191757 1.3 10 7 5 10 4%   0 347320 26049 100%
c - 99.68 83 230 52 245 58522 27 2549562 193165 1.3 10 7 5 10 4%   0 347320 26049 100%
c - 100.13 83 233 52 246 59284 27 2565215 198597 1.3 10 7 5 10 4%   0 347320 26049 100%
c - 100.58 84 235 52 247 60034 27 2580899 206053 1.3 10 7 5 10 4%   0 347320 26049 100%
c } 100.86 84 236 53 247 60481 27 2590582 215673 1.3 10 7 5 10 4%   0 347320 26049 100%
c
c seconds     switched      rate            size/glue  tier1   binary          remaining
c         MB    reductions     conflicts          size   tier2    irredundant
c           level     restarts        redundant      glue   trail         variables
c
c [ 100.86 84 113 53 247 60481 2 2590582 215673 1.8 61 35 5 29 3%   0 347320 26049 100%
c B 100.86 84 113 53 247 60481 2 2590582 215673 1.8 61 35 5 29 3%   0 347320 26049 100%
c - 101.05 84 114 53 248 60485 2 2596615 212987 1.8 60 34 5 29 3%   0 347320 26049 100%
c - 101.60 85 114 53 249 60494 2 2612363 216115 1.8 60 34 5 29 3%   0 347320 26049 100%
c - 102.27 86 114 53 250 60499 2 2628142 216668 1.8 62 35 5 29 3%   0 347320 26049 100%
c u 102.83 87 113 53 250 60504 2 2637589 214902 1.7 61 35 5 29 3%   0 347320 26049 100%
c v 102.93 87 113 53 250 60504 2 2637589 211795 1.7 61 35 5 29 3%   0 347320 26049 100%
c w 103.03 88 113 53 250 60504 2 2637589 211760 1.7 61 35 5 29 3%   0 347320 26049 100%
c o 103.26 88 113 53 250 60504 2 2637589 211760 1.7 61 35 5 29 3%   0 347320 26049 100%
c - 103.47 89 114 53 251 60509 2 2643953 207721 1.7 60 34 5 29 3%   0 347320 26049 100%
c - 104.10 89 113 53 252 60511 2 2659795 210175 1.7 61 36 5 29 3%   0 347320 26049 100%
c - 104.94 90 111 53 253 60514 2 2675669 207128 1.7 65 38 5 29 3%   0 347320 26049 100%
c - 105.44 91 111 53 254 60524 2 2691574 205727 1.7 63 37 5 29 3%   0 347320 26049 100%
c - 106.06 91 111 53 255 60529 2 2707512 202842 1.7 63 37 5 29 3%   0 347320 26049 100%
c W 107.30 74 111 53 255 60534 2 2718050 213337 1.7 62 36 5 29 3%   0 347320 26049 100%
c - 107.49 76 113 53 256 60538 2 2723480 199988 1.7 61 36 5 29 3%   0 347320 26049 100%
c ] 107.58 76 113 54 256 60540 2 2726419 202917 1.7 61 36 5 29 3%   0 347320 26049 100%
c { 107.58 76 236 54 256 60540 27 2726419 202917 1.3 10 7 5 10 4%   0 347320 26049 100%
c - 107.94 81 229 54 257 60825 26 2739480 200384 1.4 10 7 5 10 4%   0 347320 26049 100%
c - 108.35 82 222 54 258 61143 25 2755511 201807 1.4 10 7 5 10 4%   0 347320 26049 100%
c
c seconds     switched       rate            size/glue tier1   binary          remaining
c         MB    reductions      conflicts          size  tier2    irredundant
c           level     restarts         redundant     glue   trail         variables
c
c - 108.77 83 215 54 259 61449 24 2771573 203988 1.4 10 7 5 10 4%   0 347320 26049 100%
c - 109.20 83 209 54 260 61796 23 2787666 206373 1.4 10 7 5 10 3%   0 347320 26049 100%
c u 109.80 85 206 54 260 62062 23 2799484 200292 1.4 10 7 5 10 3%   0 347320 26049 100%
c v 109.98 85 206 54 260 62062 23 2799484 190570 1.4 10 7 5 10 3%   0 347320 26049 100%
c w 110.09 85 206 54 260 62062 23 2799484 189963 1.4 10 7 5 10 3%   0 347320 26049 100%
c - 110.26 85 204 54 261 62169 23 2803790 189772 1.4 10 7 5 10 3%   0 347320 26049 100%
c - 110.68 85 200 54 262 62533 22 2819946 201396 1.4 10 7 5 10 3%   0 347320 26049 100%
c - 111.11 86 197 54 263 62931 22 2836132 211689 1.4 9 7 5 10 3%   0 347320 26049 100%
c - 111.54 86 194 54 264 63306 21 2852349 220591 1.4 9 7 5 10 3%   0 347320 26049 100%
c o 111.94 86 192 54 264 63666 21 2867670 235900 1.4 9 7 5 10 3%   0 347320 26049 100%
c - 112.00 86 192 54 265 63703 21 2868598 227651 1.4 9 7 5 10 3%   0 347320 26049 100%
c } 112.41 86 190 55 265 64102 21 2884813 243845 1.4 9 7 5 10 3%   0 347320 26049 100%
c [ 112.41 86 113 55 265 64102 2 2884813 243845 1.7 61 36 5 29 3%   0 347320 26049 100%
c I 112.41 86 113 55 265 64102 2 2884813 243845 1.7 61 36 5 29 3%   0 347320 26049 100%
c - 112.44 86 113 55 266 64102 2 2884876 235008 1.7 61 36 5 29 3%   0 347320 26049 100%
c - 112.91 87 115 55 267 64111 3 2901189 240127 1.7 58 34 5 29 3%   0 347320 26049 100%
c - 113.55 88 117 55 268 64116 2 2917531 238649 1.7 62 37 5 29 3%   0 347320 26049 100%
c - 114.15 88 116 55 269 64126 2 2933901 237211 1.7 62 37 5 29 3%   0 347320 26049 100%
c - 114.67 88 115 55 270 64131 2 2950303 235771 1.7 60 35 5 29 3%   0 347320 26049 100%
c u 115.66 90 114 55 270 64132 2 2966670 241458 1.7 61 36 5 29 3%   0 347320 26049 100%
c
c seconds     switched      rate            size/glue  tier1   binary          remaining
c         MB    reductions     conflicts          size   tier2    irredundant
c           level     restarts        redundant      glue   trail         variables
c
c v 115.78 90 114 55 270 64132 2 2966670 237801 1.7 61 36 5 29 3%   0 347320 26049 100%
c w 115.96 96 114 55 270 64132 2 2966670 237649 1.7 61 36 5 29 3%   0 347320 26049 100%
c - 116.06 75 114 55 271 64132 2 2966734 216950 1.7 61 36 5 29 3%   0 347320 26049 100%
c - 116.57 79 114 55 272 64143 2 2983196 214388 1.7 58 34 5 29 3%   0 347320 26049 100%
c - 117.17 80 114 55 273 64148 2 2999689 210926 1.7 59 34 5 29 3%   0 347320 26049 100%
c - 117.67 80 113 55 274 64158 3 3016211 207614 1.7 56 32 5 29 3%   0 347320 26049 100%
c B 117.97 81 112 55 274 64162 3 3025960 217332 1.7 55 32 5 29 3%   0 347320 26049 100%
c ] 118.09 81 112 56 274 64162 3 3029320 220635 1.7 55 32 5 29 3%   0 347320 26049 100%
c { 118.09 81 190 56 274 64162 21 3029320 220635 1.4 9 7 5 10 3%   0 347320 26049 100%
c - 118.23 83 191 56 275 64363 21 3032765 204318 1.4 9 7 5 10 3%   0 347320 26049 100%
c - 118.75 85 200 56 276 65345 23 3049348 203579 1.4 9 7 5 10 3%   0 347320 26049 100%
c - 119.28 85 208 56 277 66309 24 3065962 203937 1.4 10 7 5 10 3%   0 347320 26049 100%
c - 119.80 86 214 56 278 67199 25 3082606 204577 1.3 10 7 5 10 4%   0 347320 26049 100%
c - 120.33 86 219 56 279 68072 26 3099279 206768 1.3 10 7 5 10 4%   0 347320 26049 100%
c o 120.59 86 221 56 279 68508 26 3107702 215150 1.3 10 7 5 10 4%   0 347320 26049 100%
c - 120.87 86 224 56 280 68949 26 3115982 212498 1.3 10 7 5 10 4%   0 347320 26049 100%
c - 121.39 87 228 56 281 69765 27 3132717 220072 1.3 10 7 5 10 4%   0 347320 26049 100%
c u 121.88 88 229 56 281 70073 27 3139197 211722 1.3 10 7 5 10 4%   0 347320 26049 100%
c v 122.06 88 229 56 281 70073 27 3139197 202759 1.3 10 7 5 10 4%   0 347320 26049 100%
c w 122.19 88 229 56 281 70073 27 3139197 201922 1.3 10 7 5 10 4%   0 347320 26049 100%
c
c seconds     switched       rate            size/glue tier1   binary          remaining
c         MB    reductions      conflicts          size  tier2    irredundant
c           level     restarts         redundant     glue   trail         variables
c
c - 122.59 88 231 56 282 70593 27 3149480 206349 1.3 10 7 5 10 4%   0 347320 26049 100%
c - 123.08 88 233 56 283 71414 27 3166272 219044 1.3 10 7 5 10 4%   0 347320 26049 100%
c - 123.58 89 234 56 284 72188 27 3183094 230295 1.3 10 7 5 10 4%   0 347320 26049 100%
c } 124.03 89 236 57 284 72924 27 3198664 245810 1.3 10 7 5 10 4%   0 347320 26049 100%
c [ 124.03 89 112 57 284 72924 3 3198664 245810 1.7 55 32 5 29 3%   0 347320 26049 100%
c W 125.13 76 112 57 284 72924 3 3198664 245810 1.7 55 32 5 29 3%   0 347320 26049 100%
c - 125.20 77 113 57 285 72925 3 3199947 238926 1.7 55 32 5 29 3%   0 347320 26049 100%
c - 125.73 79 115 57 286 72935 3 3216828 243355 1.7 55 32 5 29 3%   0 347320 26049 100%
c - 126.38 80 113 57 287 72941 3 3233739 244573 1.7 55 32 5 29 3%   0 347320 26049 100%
c - 126.93 81 113 57 288 72951 3 3250681 243047 1.7 54 31 5 29 3%   0 347320 26049 100%
c - 127.64 81 113 57 289 72954 2 3267651 237152 1.7 56 33 5 28 3%   0 347320 26049 100%
c - 128.60 83 111 57 290 72957 2 3284651 227729 1.7 60 36 5 28 3%   0 347320 26049 100%
c - 129.22 83 111 57 291 72968 2 3301681 222510 1.7 59 35 5 28 3%   0 347320 26049 100%
c u 130.25 87 108 57 291 72972 2 3317093 217894 1.7 60 35 5 28 3%   0 347320 26049 100%
c v 130.37 87 108 57 291 72972 2 3317093 214656 1.7 60 35 5 28 3%   0 347320 26049 100%
c w 130.58 93 108 57 291 72972 2 3317093 214505 1.7 60 35 5 28 3%   0 347320 26049 100%
c - 130.75 93 107 57 292 72974 2 3318739 197912 1.7 60 35 5 28 3%   0 347320 26049 100%
c - 131.44 78 107 57 293 72983 2 3335827 195505 1.7 59 35 5 28 3%   0 347320 26049 100%
c ] 131.71 78 107 58 293 72984 2 3343727 203361 1.7 59 34 5 28 3%   0 347320 26049 100%
c { 131.71 78 236 58 293 72984 27 3343727 203361 1.3 10 7 5 10 4%   0 347320 26049 100%
c
c seconds     switched       rate            size/glue tier1   binary          remaining
c         MB    reductions      conflicts          size  tier2    irredundant
c           level     restarts         redundant     glue   trail         variables
c
c - 131.99 83 236 58 294 73396 27 3352944 196444 1.3 10 7 5 10 4%   0 347320 26049 100%
c o 132.15 84 237 58 294 73651 28 3357821 201305 1.3 10 7 5 10 4%   0 347320 26049 100%
c - 132.52 84 238 58 295 74214 28 3370090 199229 1.3 10 7 5 10 4%   0 347320 26049 100%
c - 133.01 85 240 58 296 74997 28 3387266 201972 1.3 10 7 5 10 4%   0 347320 26049 100%
c - 133.55 85 241 58 297 75796 28 3404473 204595 1.3 10 7 5 10 4%   0 347320 26049 100%
c - 134.06 86 242 58 298 76559 28 3421706 211580 1.3 10 8 5 10 4%   0 347320 26049 100%
c - 134.57 86 242 58 299 77303 28 3438970 220388 1.3 10 8 5 10 4%   0 347320 26049 100%
c - 135.08 86 243 58 300 78124 28 3456263 229379 1.3 10 8 5 10 4%   0 347320 26049 100%
c - 135.60 87 243 58 301 78888 28 3473583 238224 1.3 10 8 5 10 4%   0 347320 26049 100%
c - 136.13 87 244 58 302 79600 28 3490933 246929 1.3 10 8 5 10 4%   0 347320 26049 100%
c u 136.73 89 244 58 302 79963 27 3500383 241228 1.3 10 8 5 10 4%   0 347320 26049 100%
c v 136.93 89 244 58 302 79963 27 3500383 231726 1.3 10 8 5 10 4%   0 347320 26049 100%
c w 137.07 89 244 58 302 79963 27 3500383 230927 1.3 10 8 5 10 4%   0 347320 26049 100%
c - 137.38 89 243 58 303 80246 27 3508311 232262 1.4 10 8 5 10 4%   0 347320 26049 100%
c } 137.85 89 244 59 303 80901 27 3524357 248234 1.4 10 8 5 10 4%   0 347320 26049 100%
c [ 137.85 89 107 59 303 80901 2 3524357 248234 1.7 59 34 5 28 3%   0 347320 26049 100%
c O 137.85 89 107 59 303 80901 2 3524357 248234 1.7 59 34 5 28 3%   0 347320 26049 100%
c - 137.91 89 108 59 304 80902 2 3525717 243434 1.7 58 34 5 28 3%   0 347320 26049 100%
c - 138.43 89 110 59 305 80913 2 3543152 248896 1.7 56 33 5 28 3%   0 347320 26049 100%
c - 139.06 90 109 59 306 80918 2 3560616 249379 1.7 56 33 5 28 3%   0 347320 26049 100%
c
c seconds     switched      rate            size/glue  tier1   binary          remaining
c         MB    reductions     conflicts          size   tier2    irredundant
c           level     restarts        redundant      glue   trail         variables
c
c - 139.60 90 109 59 307 80929 3 3578108 246533 1.7 54 31 5 28 3%   0 347320 26049 100%
c - 140.24 90 108 59 308 80931 3 3595629 241977 1.7 54 31 5 28 3%   0 347320 26049 100%
c - 140.95 91 108 59 309 80937 2 3613178 235876 1.7 55 31 5 28 3%   0 347320 26049 100%
c o 141.38 91 107 59 309 80943 2 3623720 246321 1.7 55 32 5 28 3%   0 347320 26049 100%
c - 141.65 91 108 59 310 80945 2 3630756 230022 1.7 55 31 5 28 3%   0 347320 26049 100%
c - 142.41 92 107 59 311 80953 2 3648362 223708 1.8 56 32 5 28 3%   0 347320 26049 100%
c - 143.03 92 107 59 312 80961 3 3665999 219527 1.8 54 31 5 28 3%   0 347320 26049 100%
c - 143.88 93 104 59 313 80962 2 3683662 212007 1.8 57 32 5 28 3%   0 347320 26049 100%
c B 144.06 93 104 59 313 80962 2 3687020 215336 1.8 58 33 5 28 3%   0 347320 26049 100%
c ] 144.09 93 104 60 313 80962 2 3687999 216298 1.8 58 33 5 28 3%   0 347320 26049 100%
c { 144.09 93 244 60 313 80962 27 3687999 216298 1.4 10 8 5 10 4%   0 347320 26049 100%
c u 144.47 93 244 60 313 81021 27 3689095 203919 1.4 10 8 5 10 4%   0 347320 26049 100%
c v 144.57 93 244 60 313 81021 27 3689095 201027 1.4 10 8 5 10 4%   0 347320 26049 100%
c w 144.81 95 244 60 313 81021 27 3689095 200864 1.4 10 8 5 10 4%   0 347320 26049 100%
c - 145.28 82 244 60 314 81533 27 3701353 193551 1.4 10 8 5 10 4%   0 347320 26049 100%
c - 145.82 84 243 60 315 82281 27 3719073 195762 1.4 10 8 5 10 4%   0 347320 26049 100%
c - 146.35 84 244 60 316 83028 27 3736821 197721 1.4 10 8 5 10 4%   0 347320 26049 100%
c - 146.86 85 243 60 317 83761 27 3754597 204127 1.4 10 8 5 10 4%   0 347320 26049 100%
c - 147.37 85 243 60 318 84456 27 3772401 212058 1.4 10 8 5 10 4%   0 347320 26049 100%
c - 147.88 86 244 60 319 85221 27 3790233 220005 1.4 10 8 5 10 4%   0 347320 26049 100%
c
c seconds     switched       rate            size/glue tier1   binary          remaining
c         MB    reductions      conflicts          size  tier2    irredundant
c           level     restarts         redundant     glue   trail         variables
c
c - 148.43 86 244 60 320 85956 27 3808095 228994 1.4 10 8 5 10 4%   0 347320 26049 100%
c - 148.98 86 244 60 321 86624 27 3825983 238414 1.4 10 8 5 10 4%   0 347320 26049 100%
c - 149.53 87 244 60 322 87338 27 3843899 246798 1.4 10 8 5 10 4%   0 347320 26049 100%
c - 150.08 87 243 60 323 88101 27 3861843 255398 1.4 10 8 5 10 4%   0 347320 26049 100%
c - 150.63 88 243 60 324 88760 26 3879817 263346 1.4 10 8 5 10 4%   0 347320 26049 100%
c } 150.64 88 243 61 324 88773 26 3880251 263780 1.4 10 8 5 10 4%   0 347320 26049 100%
c [ 150.64 88 104 61 324 88773 2 3880251 263780 1.8 58 33 5 28 3%   0 347320 26049 100%
c W 151.98 77 104 61 324 88773 2 3880251 263780 1.8 58 33 5 28 3%   0 347320 26049 100%
c u 152.43 85 105 61 324 88775 2 3883255 249161 1.8 57 33 5 28 3%   0 347320 26049 100%
c v 152.62 86 105 61 324 88775 2 3883255 240842 1.8 57 33 5 28 3%   0 347320 26049 100%
c w 152.78 86 105 61 324 88775 2 3883255 239942 1.8 57 33 5 28 3%   0 347320 26049 100%
c o 153.20 86 107 61 324 88782 2 3894595 251208 1.8 57 32 5 28 3%   0 347320 26049 100%
c - 153.33 86 107 61 325 88784 2 3897817 241276 1.8 57 33 5 28 3%   0 347320 26049 100%
c - 154.13 88 111 61 326 88790 2 3915846 237734 1.7 62 37 5 28 3%   0 347320 26049 100%
c - 154.71 88 116 61 327 88801 2 3933901 233673 1.7 61 37 5 28 3%   0 347320 26049 100%
c - 155.43 89 117 61 328 88803 2 3951984 228975 1.7 64 38 5 28 3%   0 347320 26049 100%
c - 156.28 90 117 61 329 88809 2 3970094 221019 1.7 67 40 5 28 3%   0 347320 26049 100%
c - 156.94 90 118 61 330 88818 2 3988232 215624 1.7 66 40 5 28 3%   0 347320 26049 100%
c - 157.69 91 117 61 331 88825 2 4006397 209635 1.7 67 40 5 28 3%   0 347320 26049 100%
c - 158.32 91 115 61 332 88833 2 4024593 204859 1.7 65 38 5 28 3%   0 347320 26049 100%
c
c seconds     switched      rate            size/glue  tier1   binary          remaining
c         MB    reductions     conflicts          size   tier2    irredundant
c           level     restarts        redundant      glue   trail         variables
c
c - 159.13 92 110 61 333 88834 2 4042815 198872 1.7 65 38 5 28 3%   0 347320 26049 100%
c ] 159.31 92 109 62 333 88835 2 4046866 202873 1.7 65 38 5 28 3%   0 347320 26049 100%
c { 159.31 92 243 62 333 88835 26 4046866 202873 1.4 10 8 5 10 4%   0 347320 26049 100%
c - 159.73 92 243 62 334 89460 26 4061063 196604 1.4 10 8 5 10 4%   0 347320 26049 100%
c - 160.24 93 244 62 335 90121 26 4079340 198170 1.4 10 8 5 10 4%   0 347320 26049 100%
c u 160.81 82 244 62 335 90266 26 4082887 180196 1.4 10 8 5 10 4%   0 347320 26049 100%
c v 160.98 83 244 62 335 90266 26 4082887 172071 1.4 10 8 5 10 4%   0 347320 26049 100%
c w 161.16 83 244 62 335 90266 26 4082887 170414 1.4 10 8 5 10 4%   0 347320 26049 100%
c - 162.34 84 244 62 336 90875 26 4097643 180823 1.4 10 8 5 10 4%   0 347320 26049 100%
c - 162.85 84 244 62 337 91600 26 4115973 195113 1.4 10 8 5 10 4%   0 347320 26049 100%
c - 163.37 85 245 62 338 92350 26 4134330 206448 1.4 10 8 5 10 4%   0 347320 26049 100%
c - 163.92 86 245 62 339 93088 26 4152714 216522 1.4 10 8 5 10 4%   0 347320 26049 100%
c - 164.45 86 244 62 340 93767 26 4171126 226107 1.4 10 8 5 10 4%   0 347320 26049 100%
c o 164.56 86 244 62 340 93893 26 4174597 229560 1.4 10 8 5 10 4%   0 347320 26049 100%
c - 165.00 87 244 62 341 94484 26 4189565 235658 1.4 10 8 5 10 4%   0 347320 26049 100%
c - 165.55 87 244 62 342 95265 26 4208031 245077 1.4 10 8 5 10 4%   0 347320 26049 100%
c - 166.11 88 244 62 343 96009 26 4226524 253875 1.4 10 8 5 10 4%   0 347320 26049 100%
c - 166.67 88 243 62 344 96755 26 4245045 263509 1.4 10 8 5 10 4%   0 347320 26049 100%
c } 166.85 88 244 63 344 97025 26 4251075 269517 1.4 10 8 5 10 4%   0 347320 26049 100%
c [ 166.85 88 109 63 344 97025 2 4251075 269517 1.7 65 38 5 28 3%   0 347320 26049 100%
c
c seconds     switched      rate            size/glue  tier1   binary          remaining
c         MB    reductions     conflicts          size   tier2    irredundant
c           level     restarts        redundant      glue   trail         variables
c
c I 166.85 88 109 63 344 97025 2 4251075 269517 1.7 65 38 5 28 3%   0 347320 26049 100%
c - 167.31 89 112 63 345 97032 2 4263592 262971 1.7 66 40 5 28 3%   0 347320 26049 100%
c - 168.05 90 115 63 346 97039 2 4282166 255134 1.6 69 42 5 28 3%   0 347320 26049 100%
c u 168.66 91 115 63 346 97043 2 4288019 249603 1.6 70 43 5 28 3%   0 347320 26049 100%
c v 168.73 91 115 63 346 97043 2 4288019 246761 1.6 70 43 5 28 3%   0 347320 26049 100%
c w 168.93 95 115 63 346 97043 2 4288019 246469 1.6 70 43 5 28 3%   0 347320 26049 100%
c - 169.72 95 117 63 347 97050 2 4300767 234042 1.6 71 44 5 28 3%   0 347320 26049 100%
c - 170.52 96 115 63 348 97055 2 4319394 227220 1.6 72 45 5 28 3%   0 347320 26049 100%
c - 171.59 77 112 63 349 97059 2 4338050 217704 1.6 76 47 5 28 3%   0 347320 26049 100%
c - 172.40 79 112 63 350 97069 2 4356733 212050 1.6 74 45 5 28 3%   0 347320 26049 100%
c - 173.18 81 112 63 351 97077 2 4375443 207333 1.6 73 44 5 28 3%   0 347320 26049 100%
c - 173.87 82 112 63 352 97085 2 4394178 201712 1.6 70 43 5 28 3%   0 347320 26049 100%
c ] 174.64 83 111 64 352 97086 2 4410095 217424 1.6 72 44 5 28 3%   0 347320 26049 100%
c { 174.64 83 244 64 352 97086 26 4410095 217424 1.4 10 8 5 10 4%   0 347320 26049 100%
c - 174.74 85 244 64 353 97195 26 4412939 194005 1.4 10 8 5 10 4%   0 347320 26049 100%
c - 175.31 88 244 64 354 97961 26 4431728 193333 1.4 10 8 5 10 4%   0 347320 26049 100%
c - 175.84 89 244 64 355 98619 26 4450542 195559 1.4 10 8 5 10 4%   0 347320 26049 100%
c o 176.26 89 245 64 355 99232 26 4464615 209579 1.4 10 8 5 10 4%   0 347320 26049 100%
c - 176.40 89 245 64 356 99426 26 4469383 201439 1.4 10 8 5 10 4%   0 347320 26049 100%
c - 176.96 90 245 64 357 100129 26 4488254 210191 1.4 10 8 5 10 4%   0 347320 26049 100%
c
c seconds     switched        rate            size/glue tier1   binary          remaining
c         MB    reductions       conflicts          size  tier2    irredundant
c           level      restarts         redundant     glue   trail         variables
c
c u 177.65 91 245 64 357 100498 26 4498678 195529 1.4 10 8 5 10 4%   0 347320 26049 100%
c v 177.86 91 245 64 357 100498 26 4498678 184937 1.4 10 8 5 10 4%   0 347320 26049 100%
c w 178.07 91 245 64 357 100498 26 4498678 183283 1.4 10 8 5 10 4%   0 347320 26049 100%
c - 178.37 91 245 64 358 100813 26 4507150 186574 1.4 10 8 5 10 4%   0 347320 26049 100%
c - 178.88 92 245 64 359 101455 26 4526070 201474 1.4 10 8 5 10 4%   0 347320 26049 100%
c - 179.40 92 244 64 360 102116 26 4545017 214969 1.4 10 8 5 10 4%   0 347320 26049 100%
c - 179.94 92 244 64 361 102732 25 4563990 225928 1.4 10 8 5 10 4%   0 347320 26049 100%
c - 180.48 92 244 64 362 103394 25 4582990 236253 1.4 10 8 5 10 4%   0 347320 26049 100%
c - 181.04 93 244 64 363 104025 25 4602017 246211 1.4 10 8 5 10 4%   0 347320 26049 100%
c - 181.59 93 244 64 364 104688 25 4621069 256044 1.4 10 8 5 10 4%   0 347320 26049 100%
c } 181.75 93 244 65 364 104884 25 4626593 261545 1.4 10 8 5 10 4%   0 347320 26049 100%
c [ 181.75 93 111 65 364 104884 2 4626593 261545 1.6 72 44 5 28 3%   0 347320 26049 100%
c B 181.75 93 111 65 364 104884 2 4626593 261545 1.6 72 44 5 28 3%   0 347320 26049 100%
c - 182.26 93 112 65 365 104892 2 4640147 256326 1.6 72 44 5 28 3%   0 347320 26049 100%
c - 182.95 94 114 65 366 104898 2 4659253 251089 1.6 72 44 5 28 3%   0 347320 26049 100%
c - 183.55 94 115 65 367 104911 2 4678387 247778 1.6 68 42 5 28 3%   0 347320 26049 100%
c - 184.25 94 114 65 368 104914 2 4697544 243418 1.6 67 41 5 28 3%   0 347320 26049 100%
c u 185.43 96 112 65 368 104920 2 4714889 237333 1.7 69 41 5 28 3%   0 347320 26049 100%
c v 185.56 97 112 65 368 104920 2 4714889 233353 1.7 69 41 5 28 3%   0 347320 26049 100%
c w 185.80 103 112 65 368 104920 2 4714889 233030 1.7 69 41 5 28 3%   0 347320 26049 100%
c
c seconds     switched       rate            size/glue  tier1   binary          remaining
c         MB    reductions      conflicts          size   tier2    irredundant
c           level      restarts        redundant      glue   trail         variables
c
c - 185.96 77 112 65 369 104920 2 4716727 214526 1.7 68 41 5 28 3%   0 347320 26049 100%
c - 186.56 81 112 65 370 104929 2 4735937 216076 1.7 64 38 5 28 3%   0 347320 26049 100%
c - 187.30 82 111 65 371 104938 2 4755172 215454 1.7 64 38 5 28 3%   0 347320 26049 100%
c - 188.04 83 108 65 372 104945 2 4774435 213391 1.7 62 37 5 28 3%   0 347320 26049 100%
c - 189.00 84 103 65 373 104946 2 4793722 208665 1.7 63 37 5 28 3%   0 347320 26049 100%
c ] 189.67 84 100 66 373 104946 2 4804769 219516 1.7 65 38 5 28 3%   0 347320 26049 100%
c { 189.67 84 244 66 373 104946 25 4804769 219516 1.4 10 8 5 10 4%   0 347320 26049 100%
c o 189.70 84 244 66 373 104953 25 4804810 219556 1.4 10 8 5 10 4%   0 347320 26049 100%
c - 189.93 87 239 66 374 105086 24 4813035 205739 1.4 10 8 5 10 4%   0 347320 26049 100%
c - 190.42 89 228 66 375 105402 23 4832374 211465 1.4 10 8 5 10 4%   0 347320 26049 100%
c - 190.91 89 219 66 376 105698 22 4851738 220351 1.4 10 7 5 10 4%   0 347320 26049 100%
c - 191.40 90 212 66 377 106024 21 4871128 230979 1.4 10 7 5 10 4%   0 347320 26049 100%
c - 191.91 90 206 66 378 106364 21 4890545 241555 1.4 10 7 5 10 3%   0 347320 26049 100%
c - 192.42 91 201 66 379 106695 20 4909987 252542 1.4 10 7 5 10 3%   0 347320 26049 100%
c - 192.93 91 197 66 380 107025 20 4929454 263760 1.4 10 7 5 10 3%   0 347320 26049 100%
c u 193.50 93 195 66 380 107158 19 4936679 251364 1.4 10 7 5 10 3%   0 347320 26049 100%
c v 193.73 93 195 66 380 107158 19 4936679 240935 1.4 10 7 5 10 3%   0 347320 26049 100%
c w 193.92 93 195 66 380 107158 19 4936679 239586 1.4 10 7 5 10 3%   0 347320 26049 100%
c - 194.32 93 193 66 381 107390 19 4948947 247003 1.4 10 7 5 10 3%   0 347320 26049 100%
c - 194.82 93 190 66 382 107773 19 4968467 261723 1.4 10 7 5 10 3%   0 347320 26049 100%
c
c seconds     switched        rate            size/glue tier1   binary          remaining
c         MB    reductions       conflicts          size  tier2    irredundant
c           level      restarts         redundant     glue   trail         variables
c
c - 195.36 94 188 66 383 108172 19 4988012 273669 1.4 10 7 5 10 3%   0 347320 26049 100%
c - 195.89 94 186 66 384 108540 19 5007582 283411 1.4 9 7 5 10 3%   0 347320 26049 100%
c - 196.42 94 185 66 385 108923 19 5027177 287088 1.4 9 7 5 10 3%   0 347320 26049 100%
c } 196.60 94 185 67 385 109060 19 5033885 293786 1.4 9 7 5 10 3%   0 347320 26049 100%
c [ 196.60 94 100 67 385 109060 2 5033885 293786 1.7 65 38 5 28 3%   0 347320 26049 100%
c W 198.36 79 100 67 385 109060 2 5033885 293786 1.7 65 38 5 28 3%   0 347320 26049 100%
c - 198.89 82 105 67 386 109067 2 5046798 282913 1.7 68 41 5 28 3%   0 347320 26049 100%
c - 199.60 83 107 67 387 109074 2 5066446 276739 1.7 67 40 5 28 3%   0 347320 26049 100%
c - 200.36 84 110 67 388 109087 2 5086118 271137 1.7 66 40 5 28 3%   0 347320 26049 100%
c - 201.15 85 109 67 389 109090 2 5105815 264365 1.7 65 39 5 28 3%   0 347320 26049 100%
c o 201.65 85 108 67 389 109091 2 5115850 274280 1.7 67 40 5 28 3%   0 347320 26049 100%
c - 202.02 86 108 67 390 109097 2 5125538 256490 1.7 65 39 5 28 3%   0 347320 26049 100%
c - 202.78 86 108 67 391 109105 2 5145286 250399 1.7 64 38 5 28 3%   0 347320 26049 100%
c u 203.99 90 108 67 391 109115 2 5164048 252914 1.7 64 37 5 28 3%   0 347320 26049 100%
c v 204.12 90 108 67 391 109115 2 5164048 248783 1.7 64 37 5 28 3%   0 347320 26049 100%
c w 204.40 94 108 67 391 109115 2 5164048 248733 1.7 64 37 5 28 3%   0 347320 26049 100%
c - 204.54 94 108 67 392 109116 2 5165060 224865 1.7 63 37 5 28 3%   0 347320 26049 100%
c - 205.30 95 109 67 393 109121 2 5184859 219784 1.7 63 37 5 28 3%   0 347320 26049 100%
c - 206.23 95 108 67 394 109122 2 5204684 211751 1.7 65 38 5 28 3%   0 347320 26049 100%
c ] 206.26 77 107 68 394 109122 2 5205196 212258 1.7 65 38 5 28 3%   0 347320 26049 100%
c
c seconds     switched        rate            size/glue tier1  binary          remaining
c         MB    reductions       conflicts         size  tier2    irredundant
c           level      restarts         redundant    glue   trail         variables
c
c { 206.26 77 185 68 394 109122 19 5205196 212258 1.4 9 7 5 10 3%   0 347320 26049 100%
c - 206.85 84 196 68 395 110141 21 5224533 211302 1.4 9 7 5 10 3%   0 347320 26049 100%
c - 207.42 85 206 68 396 111141 22 5244407 218074 1.4 10 7 5 10 3%   0 347320 26049 100%
c - 208.00 86 213 68 397 112139 23 5264306 226886 1.4 10 7 5 10 3%   0 347320 26049 100%
c - 208.57 87 219 68 398 113023 24 5284230 236094 1.3 10 7 5 10 4%   0 347320 26049 100%
c - 209.17 87 224 68 399 113867 25 5304179 245814 1.3 10 7 5 10 4%   0 347320 26049 100%
c - 209.77 88 228 68 400 114722 25 5324153 255713 1.3 10 7 5 10 4%   0 347320 26049 100%
c - 210.36 88 232 68 401 115538 25 5344153 265460 1.3 10 7 5 10 4%   0 347320 26049 100%
c - 210.96 89 234 68 402 116292 25 5364177 275201 1.3 10 7 5 10 4%   0 347320 26049 100%
c - 211.56 89 236 68 403 117126 26 5384226 284331 1.3 10 7 5 10 4%   0 347320 26049 100%
c u 212.41 92 237 68 403 117633 26 5397049 274276 1.3 10 7 5 10 4%   0 347320 26049 100%
c v 212.69 92 237 68 403 117633 26 5397049 262410 1.3 10 7 5 10 4%   0 347320 26049 100%
c w 212.86 92 237 68 403 117633 26 5397049 261545 1.3 10 7 5 10 4%   0 347320 26049 100%
c - 213.16 92 237 68 404 117901 25 5404301 263781 1.3 10 7 5 10 4%   0 347320 26049 100%
c - 213.77 92 238 68 405 118624 25 5424402 276628 1.3 10 8 5 10 4%   0 347320 26049 100%
c o 214.13 92 239 68 405 119042 25 5435864 288044 1.3 10 8 5 10 4%   0 347320 26049 100%
c - 214.41 92 239 68 406 119357 25 5444526 283182 1.3 10 8 5 10 4%   0 347320 26049 100%
c } 214.50 92 239 69 406 119480 25 5447256 285901 1.3 10 8 5 10 4%   0 347320 26049 100%
c [ 214.50 92 107 69 406 119480 2 5447256 285901 1.7 65 38 5 28 3%   0 347320 26049 100%
c O 214.50 92 107 69 406 119480 2 5447256 285901 1.7 65 38 5 28 3%   0 347320 26049 100%
c
c seconds     switched       rate            size/glue  tier1   binary          remaining
c         MB    reductions      conflicts          size   tier2    irredundant
c           level      restarts        redundant      glue   trail         variables
c
c - 215.01 93 109 69 407 119491 2 5464675 282565 1.7 62 36 5 28 3%   0 347320 26049 100%
c - 215.62 93 111 69 408 119498 2 5484849 278586 1.7 59 34 5 28 3%   0 347320 26049 100%
c - 216.26 93 112 69 409 119509 2 5505050 273736 1.7 58 34 5 28 3%   0 347320 26049 100%
c - 217.23 95 108 69 410 119510 2 5525273 265008 1.8 61 35 5 28 3%   0 347320 26049 100%
c - 218.11 96 108 69 411 119520 2 5545521 257675 1.8 61 35 5 28 3%   0 347320 26049 100%
c - 218.87 97 107 69 412 119528 2 5565794 253837 1.8 61 34 5 28 3%   0 347320 26049 100%
c - 219.52 97 108 69 413 119539 2 5586091 248954 1.8 58 32 5 27 3%   0 347320 26049 100%
c - 220.44 97 107 69 414 119541 2 5606413 241645 1.8 60 33 5 27 3%   0 347320 26049 100%
c - 221.45 98 105 69 415 119542 2 5626760 231589 1.8 62 35 5 27 3%   0 347320 26049 100%
c u 222.40 85 104 69 415 119542 2 5635683 214026 1.7 64 37 5 27 3%   0 347320 26049 100%
c v 222.49 85 104 69 415 119542 2 5635683 211564 1.7 64 37 5 27 3%   0 347320 26049 100%
c w 222.84 91 104 69 415 119542 2 5635683 211169 1.7 64 37 5 27 3%   0 347320 26049 100%
c - 223.41 92 103 69 416 119545 2 5647131 206674 1.7 63 36 5 27 3%   0 347320 26049 100%
c ] 223.64 92 103 70 416 119549 2 5653858 213386 1.7 62 35 5 27 3%   0 347320 26049 100%
c { 223.64 92 239 70 416 119549 25 5653858 213386 1.3 10 8 5 10 4%   0 347320 26049 100%
c - 224.00 93 231 70 417 119752 24 5667527 217810 1.4 10 7 5 10 4%   0 347320 26049 100%
c - 224.51 94 222 70 418 120060 23 5687947 230375 1.4 10 7 5 10 4%   0 347320 26049 100%
c - 225.04 95 213 70 419 120418 22 5708392 241675 1.4 10 7 5 10 4%   0 347320 26049 100%
c - 225.60 96 207 70 420 120794 21 5728861 253182 1.4 10 7 5 10 3%   0 347320 26049 100%
c - 226.13 96 201 70 421 121183 21 5749355 264709 1.4 10 7 5 10 3%   0 347320 26049 100%
c
c seconds     switched        rate            size/glue tier1   binary          remaining
c         MB    reductions       conflicts          size  tier2    irredundant
c           level      restarts         redundant     glue   trail         variables
c
c o 226.56 97 197 70 421 121479 20 5765966 281305 1.4 10 7 5 10 3%   0 347320 26049 100%
c - 226.69 97 196 70 422 121555 20 5769873 276244 1.4 10 7 5 10 3%   0 347320 26049 100%
c - 227.27 98 193 70 423 121960 20 5790415 286389 1.4 10 7 5 10 3%   0 347320 26049 100%
c - 227.84 98 189 70 424 122369 19 5810981 296027 1.4 9 7 5 10 3%   0 347320 26049 100%
c - 228.43 99 186 70 425 122806 19 5831574 305774 1.4 9 7 5 10 3%   0 347320 26049 100%
c - 229.00 99 185 70 426 123201 19 5852189 309153 1.4 9 7 5 10 3%   0 347320 26049 100%
c - 229.61 100 183 70 427 123644 19 5872829 310948 1.4 9 7 5 10 3%   0 347320 26049 100%
c u 230.25 101 182 70 427 123798 19 5879973 299364 1.4 9 7 5 10 3%   0 347320 26049 100%
c v 230.51 102 182 70 427 123798 19 5879973 288599 1.4 9 7 5 10 3%   0 347320 26049 100%
c w 230.67 102 182 70 427 123798 19 5879973 287654 1.4 9 7 5 10 3%   0 347320 26049 100%
c - 231.15 89 181 70 428 124123 19 5893492 286356 1.4 9 7 5 10 3%   0 347320 26049 100%
c } 231.58 90 181 71 428 124457 19 5909185 302032 1.4 9 7 5 10 3%   0 347320 26049 100%
c [ 231.58 90 103 71 428 124457 2 5909185 302032 1.7 62 35 5 27 3%   0 347320 26049 100%
c B 231.58 90 103 71 428 124457 2 5909185 302032 1.7 62 35 5 27 3%   0 347320 26049 100%
c - 231.75 90 105 71 429 124460 2 5914180 291545 1.7 61 35 5 27 3%   0 347320 26049 100%
c - 232.35 90 108 71 430 124471 2 5934892 290064 1.7 58 34 5 27 3%   0 347320 26049 100%
c - 233.05 91 109 71 431 124480 2 5955630 284346 1.7 58 33 5 27 3%   0 347320 26049 100%
c - 233.75 92 110 71 432 124487 2 5976390 277328 1.7 58 34 5 27 3%   0 347320 26049 100%
c - 234.77 94 109 71 433 124492 2 5997174 266285 1.7 63 36 5 27 3%   0 347320 26049 100%
c - 235.38 94 111 71 434 124502 2 6017982 260930 1.7 59 35 5 27 3%   0 347320 26049 100%
c
c seconds     switched       rate            size/glue  tier1   binary          remaining
c         MB    reductions      conflicts          size   tier2    irredundant
c           level      restarts        redundant      glue   trail         variables
c
c - 236.11 95 109 71 435 124512 2 6038815 256105 1.7 58 34 5 27 3%   0 347320 26049 100%
c - 237.05 95 105 71 436 124518 2 6059671 247043 1.7 60 35 5 27 3%   0 347320 26049 100%
c - 238.14 96 103 71 437 124519 2 6080551 235929 1.7 64 37 5 27 3%   0 347320 26049 100%
c - 239.36 97 100 71 438 124519 2 6101456 229925 1.7 67 39 5 27 3%   0 347320 26049 100%
c ] 239.54 97 100 72 438 124519 2 6105027 233451 1.7 68 39 5 27 3%   0 347320 26049 100%
c { 239.54 97 181 72 438 124519 19 6105027 233451 1.4 9 7 5 10 3%   0 347320 26049 100%
c o 239.60 97 182 72 438 124584 19 6106115 234533 1.4 9 7 5 10 3%   0 347320 26049 100%
c - 240.10 98 192 72 439 125476 21 6122385 237354 1.4 9 7 5 10 3%   0 347320 26049 100%
c u 240.79 99 196 72 439 125857 21 6129948 217289 1.4 9 7 5 10 3%   0 347320 26049 100%
c v 240.94 99 196 72 439 125857 21 6129948 210373 1.4 9 7 5 10 3%   0 347320 26049 100%
c w 241.19 99 196 72 439 125857 21 6129948 207497 1.4 9 7 5 10 3%   0 347320 26049 100%
c - 241.67 86 203 72 440 126552 22 6143337 214217 1.4 9 7 5 10 3%   0 347320 26049 100%
c - 242.28 87 212 72 441 127545 23 6164313 230645 1.3 10 7 5 10 3%   0 347320 26049 100%
c - 242.89 88 219 72 442 128518 24 6185313 244175 1.3 10 7 5 10 4%   0 347320 26049 100%
c - 243.53 89 224 72 443 129449 25 6206336 255865 1.3 10 7 5 10 4%   0 347320 26049 100%
c - 244.16 90 228 72 444 130308 25 6227386 266827 1.3 10 7 5 10 4%   0 347320 26049 100%
c - 244.80 91 231 72 445 131194 25 6248457 277947 1.3 10 7 5 10 4%   0 347320 26049 100%
c - 245.44 91 233 72 446 132053 26 6269554 289272 1.3 10 7 5 10 4%   0 347320 26049 100%
c - 246.08 92 235 72 447 132904 26 6290672 300008 1.3 10 7 5 10 4%   0 347320 26049 100%
c - 246.75 92 236 72 448 133718 26 6311815 305790 1.3 10 7 5 10 4%   0 347320 26049 100%
c
c seconds     switched        rate            size/glue tier1   binary          remaining
c         MB    reductions       conflicts          size  tier2    irredundant
c           level      restarts         redundant     glue   trail         variables
c
c - 247.41 93 237 72 449 134498 26 6332981 308667 1.3 10 7 5 10 4%   0 347320 26049 100%
c - 248.07 93 238 72 450 135245 25 6354173 310983 1.3 10 8 5 10 4%   0 347320 26049 100%
c } 248.65 94 238 73 450 135953 25 6373945 330674 1.3 10 8 5 10 4%   0 347320 26049 100%
c [ 248.65 94 100 73 450 135953 2 6373945 330674 1.7 68 39 5 27 3%   0 347320 26049 100%
c W 250.98 82 100 73 450 135953 2 6373945 330674 1.7 68 39 5 27 3%   0 347320 26049 100%
c - 251.06 83 101 73 451 135954 2 6375386 312641 1.7 68 39 5 27 3%   0 347320 26049 100%
c u 252.06 91 105 73 451 135959 2 6385633 297093 1.7 68 40 5 27 3%   0 347320 26049 100%
c v 252.31 92 105 73 451 135959 2 6385633 287249 1.7 68 40 5 27 3%   0 347320 26049 100%
c w 252.53 94 105 73 451 135959 2 6385633 287200 1.7 68 40 5 27 3%   0 347320 26049 100%
c - 253.74 95 108 73 452 135966 2 6396624 278875 1.7 66 39 5 27 3%   0 347320 26049 100%
c - 254.76 95 108 73 453 135974 2 6417884 277017 1.7 68 40 5 27 3%   0 347320 26049 100%
c - 255.63 96 110 73 454 135982 2 6439168 274600 1.7 68 39 5 27 3%   0 347320 26049 100%
c - 256.69 96 111 73 455 135987 2 6460475 271443 1.7 69 40 5 27 3%   0 347320 26049 100%
c o 256.99 97 110 73 455 135991 2 6468203 279133 1.7 68 39 5 27 3%   0 347320 26049 100%
c - 257.46 97 111 73 456 135998 2 6481805 269077 1.7 66 38 5 27 3%   0 347320 26049 100%
c - 258.30 97 111 73 457 136008 2 6503159 266595 1.7 65 38 5 27 3%   0 347320 26049 100%
c - 259.18 98 110 73 458 136014 2 6524538 262861 1.7 64 37 5 27 3%   0 347320 26049 100%
c - 260.30 99 106 73 459 136015 2 6545938 254085 1.7 66 38 5 27 3%   0 347320 26049 100%
c - 261.63 100 103 73 460 136015 2 6567364 243004 1.7 68 40 5 27 3%   0 347320 26049 100%
c ] 262.16 79 102 74 460 136021 2 6576811 252320 1.7 69 41 5 27 3%   0 347320 26049 100%
c
c seconds     switched        rate            size/glue tier1   binary          remaining
c         MB    reductions       conflicts          size  tier2    irredundant
c           level      restarts         redundant     glue   trail         variables
c
c { 262.16 79 238 74 460 136021 25 6576811 252320 1.3 10 8 5 10 4%   0 347320 26049 100%
c - 262.52 87 239 74 461 136460 25 6588811 244235 1.3 10 8 5 10 4%   0 347320 26049 100%
c - 263.17 89 239 74 462 137239 25 6610281 253820 1.3 10 8 5 10 4%   0 347320 26049 100%
c - 263.79 91 240 74 463 138014 25 6631775 262757 1.3 10 8 5 10 4%   0 347320 26049 100%
c u 264.61 93 241 74 463 138571 25 6647028 259399 1.3 10 8 5 10 4%   0 347320 26049 100%
c v 264.91 93 241 74 463 138571 25 6647028 246577 1.3 10 8 5 10 4%   0 347320 26049 100%
c w 265.03 93 241 74 463 138571 25 6647028 245965 1.3 10 8 5 10 4%   0 347320 26049 100%
c - 265.60 93 242 74 464 138816 25 6653292 245656 1.3 10 8 5 10 4%   0 347320 26049 100%
c - 266.22 94 242 74 465 139541 25 6674832 259525 1.3 10 8 5 10 4%   0 347320 26049 100%
c - 266.85 94 242 74 466 140321 25 6696396 272924 1.3 10 8 5 10 4%   0 347320 26049 100%
c - 267.50 94 242 74 467 141060 25 6717983 283978 1.4 10 8 5 10 4%   0 347320 26049 100%
c - 268.17 95 242 74 468 141794 25 6739594 295750 1.4 10 8 5 10 4%   0 347320 26049 100%
c - 268.83 95 242 74 469 142575 25 6761227 306530 1.4 10 8 5 10 4%   0 347320 26049 100%
c - 269.50 96 242 74 470 143361 25 6782884 310420 1.4 10 8 5 10 4%   0 347320 26049 100%
c - 270.19 96 242 74 471 144105 25 6804564 311828 1.4 10 8 5 10 4%   0 347320 26049 100%
c - 270.86 97 241 74 472 144850 25 6826270 312581 1.4 10 8 5 10 4%   0 347320 26049 100%
c o 270.93 97 241 74 472 144912 24 6828232 314533 1.4 10 8 5 10 4%   0 347320 26049 100%
c - 271.56 97 240 74 473 145569 24 6847995 313292 1.4 10 8 5 10 4%   0 347320 26049 100%
c } 271.89 97 240 75 473 145938 24 6859636 324879 1.4 10 8 5 10 4%   0 347320 26049 100%
c [ 271.89 97 102 75 473 145938 2 6859636 324879 1.7 69 41 5 27 3%   0 347320 26049 100%
c
c seconds     switched       rate            size/glue  tier1   binary          remaining
c         MB    reductions      conflicts          size   tier2    irredundant
c           level      restarts        redundant      glue   trail         variables
c
c I 271.89 97 102 75 473 145938 2 6859636 324879 1.7 69 41 5 27 3%   0 347320 26049 100%
c - 272.31 97 102 75 474 145944 2 6869745 309294 1.7 69 41 5 27 3%   0 347320 26049 100%
c - 273.50 101 102 75 475 145952 2 6891517 296366 1.6 73 44 5 27 3%   0 347320 26049 100%
c - 274.39 101 105 75 476 145966 2 6913311 285834 1.6 73 45 5 27 3%   0 347320 26049 100%
c u 274.92 102 105 75 476 145966 2 6914187 264005 1.6 73 45 5 27 3%   0 347320 26049 100%
c v 274.98 102 105 75 476 145966 2 6914187 262324 1.6 73 45 5 27 3%   0 347320 26049 100%
c w 275.16 102 105 75 476 145966 2 6914187 260128 1.6 73 45 5 27 3%   0 347320 26049 100%
c - 276.05 83 109 75 477 145968 2 6935128 254114 1.6 73 45 5 27 3%   0 347320 26049 100%
c - 277.08 86 110 75 478 145978 2 6956968 246799 1.6 75 46 5 27 3%   0 347320 26049 100%
c - 277.86 87 112 75 479 145987 2 6978831 240967 1.6 73 45 5 27 3%   0 347320 26049 100%
c - 278.68 88 111 75 480 145998 2 7000717 234739 1.7 71 43 5 27 3%   0 347320 26049 100%
c - 279.70 90 110 75 481 145999 2 7022626 225276 1.7 73 44 5 27 3%   0 347320 26049 100%
c - 281.00 91 108 75 482 146000 2 7044557 213181 1.7 77 45 5 27 3%   0 347320 26049 100%
c ] 282.16 91 107 76 482 146006 2 7062892 231304 1.7 80 47 5 27 3%   0 347320 26049 100%
c { 282.16 91 240 76 482 146006 24 7062892 231304 1.4 10 8 5 10 4%   0 347320 26049 100%
c - 282.30 93 241 76 483 146140 24 7066511 210525 1.4 10 8 5 10 4%   0 347320 26049 100%
c - 282.90 95 241 76 484 146881 24 7088488 222714 1.4 10 8 5 10 4%   0 347320 26049 100%
c - 283.53 96 241 76 485 147616 24 7110488 234554 1.4 10 8 5 10 4%   0 347320 26049 100%
c - 284.17 97 241 76 486 148339 24 7132513 245920 1.4 10 8 5 10 4%   0 347320 26049 100%
c - 284.82 97 241 76 487 149107 24 7154559 256362 1.4 10 8 5 10 4%   0 347320 26049 100%
c
c seconds     switched        rate            size/glue tier1   binary          remaining
c         MB    reductions       conflicts          size  tier2    irredundant
c           level      restarts         redundant     glue   trail         variables
c
c - 285.48 98 241 76 488 149827 24 7176627 266926 1.4 10 8 5 10 4%   0 347320 26049 100%
c u 286.35 100 242 76 488 150178 24 7187109 245026 1.4 10 8 5 10 4%   0 347320 26049 100%
c v 286.63 100 242 76 488 150178 24 7187109 233163 1.4 10 8 5 10 4%   0 347320 26049 100%
c w 286.93 100 242 76 488 150178 24 7187109 230934 1.4 10 8 5 10 4%   0 347320 26049 100%
c o 287.31 100 241 76 488 150558 24 7198286 242066 1.4 10 8 5 10 4%   0 347320 26049 100%
c - 287.37 100 242 76 489 150586 24 7198717 237036 1.4 10 8 5 10 4%   0 347320 26049 100%
c - 288.00 100 242 76 490 151340 24 7220830 254778 1.4 10 8 5 10 4%   0 347320 26049 100%
c - 288.67 100 243 76 491 152134 24 7242965 270445 1.4 10 8 5 10 4%   0 347320 26049 100%
c - 289.33 101 243 76 492 152859 24 7265123 279209 1.4 10 8 5 10 4%   0 347320 26049 100%
c - 290.01 101 243 76 493 153668 24 7287305 284005 1.4 10 8 5 10 4%   0 347320 26049 100%
c - 290.69 101 242 76 494 154368 24 7309508 287660 1.4 10 8 5 10 4%   0 347320 26049 100%
c - 291.36 101 242 76 495 155073 24 7331735 290869 1.4 10 8 5 10 4%   0 347320 26049 100%
c - 292.05 102 241 76 496 155782 24 7353983 294061 1.4 10 8 5 10 4%   0 347320 26049 100%
c } 292.21 102 241 77 496 155993 24 7359945 300000 1.4 10 8 5 10 4%   0 347320 26049 100%
c [ 292.21 102 107 77 496 155993 2 7359945 300000 1.7 80 47 5 27 3%   0 347320 26049 100%
c B 292.21 102 107 77 496 155993 2 7359945 300000 1.7 80 47 5 27 3%   0 347320 26049 100%
c - 292.81 102 110 77 497 156002 2 7376255 290955 1.7 78 47 5 27 3%   0 347320 26049 100%
c - 293.72 103 114 77 498 156012 2 7398551 284042 1.6 77 47 5 27 3%   0 347320 26049 100%
c - 294.60 104 113 77 499 156022 2 7420867 277906 1.7 75 45 5 27 3%   0 347320 26049 100%
c - 295.81 81 110 77 500 156025 2 7443206 268579 1.7 78 47 5 27 3%   0 347320 26049 100%
c
c seconds     switched       rate            size/glue  tier1   binary          remaining
c         MB    reductions      conflicts          size   tier2    irredundant
c           level      restarts        redundant      glue   trail         variables
c
c - 296.54 85 111 77 501 156037 2 7465567 265881 1.7 72 43 5 27 3%   0 347320 26049 100%
c u 297.09 92 111 77 501 156037 2 7465820 232417 1.7 72 43 5 27 3%   0 347320 26049 100%
c v 297.19 92 111 77 501 156037 2 7465820 229130 1.7 72 43 5 27 3%   0 347320 26049 100%
c w 297.45 92 111 77 501 156037 2 7465820 226081 1.7 72 43 5 27 3%   0 347320 26049 100%
c - 298.32 93 110 77 502 156046 2 7487950 235263 1.7 69 40 5 27 3%   0 347320 26049 100%
c - 299.18 93 107 77 503 156054 2 7510355 241381 1.7 67 39 5 27 3%   0 347320 26049 100%
c - 300.30 95 103 77 504 156055 2 7532783 240549 1.7 68 40 5 27 3%   0 347320 26049 100%
c - 301.60 96 99 77 505 156055 2 7555233 238023 1.7 71 42 5 27 3%   0 347320 26049 100%
c - 302.42 96 101 77 506 156069 2 7577705 244415 1.7 66 39 5 27 3%   0 347320 26049 100%
c ] 302.94 97 101 78 506 156072 2 7591200 257778 1.7 67 39 5 27 3%   0 347320 26049 100%
c { 302.94 97 241 78 506 156072 24 7591200 257778 1.4 10 8 5 10 4%   0 347320 26049 100%
c o 302.97 97 241 78 506 156077 24 7591238 257816 1.4 10 8 5 10 4%   0 347320 26049 100%
c - 303.25 97 242 78 507 156371 24 7600200 251677 1.4 10 8 5 10 4%   0 347320 26049 100%
c - 303.92 98 243 78 508 157131 24 7622716 261944 1.4 10 8 5 10 4%   0 347320 26049 100%
c - 304.58 99 243 78 509 157857 24 7645255 273116 1.4 10 8 5 10 4%   0 347320 26049 100%
c - 305.25 100 243 78 510 158615 24 7667817 283253 1.4 10 8 5 10 4%   0 347320 26049 100%
c - 305.91 100 243 78 511 159412 24 7690401 292556 1.4 10 8 5 10 4%   0 347320 26049 100%
c - 306.60 101 243 78 512 160196 24 7713007 303369 1.4 11 8 5 10 4%   0 347320 26049 100%
c - 307.30 101 242 78 513 160981 24 7735634 315521 1.4 11 8 5 10 4%   0 347320 26049 100%
c u 308.26 103 242 78 513 161448 24 7750321 301566 1.4 11 8 5 10 4%   0 347320 26049 100%
c
c seconds      switched        rate            size/glue tier1   binary          remaining
c          MB    reductions       conflicts          size  tier2    irredundant
c            level      restarts         redundant     glue   trail         variables
c
c v 308.59 104 242 78 513 161448 24 7750321 288377 1.4 11 8 5 10 4%   0 347320 26049 100%
c w 308.85 104 242 78 513 161448 24 7750321 287056 1.4 11 8 5 10 4%   0 347320 26049 100%
c - 309.19 90 241 78 514 161685 24 7758283 287170 1.4 11 8 5 10 4%   0 347320 26049 100%
c - 309.91 93 241 78 515 162446 24 7780954 295731 1.4 10 8 5 10 4%   0 347320 26049 100%
c - 310.61 94 241 78 516 163172 24 7803648 301278 1.4 10 8 5 10 4%   0 347320 26049 100%
c - 311.31 95 241 78 517 163977 24 7826363 303544 1.4 10 8 5 10 4%   0 347320 26049 100%
c - 312.00 95 241 78 518 164710 24 7849100 304835 1.4 10 8 5 10 4%   0 347320 26049 100%
c - 312.72 96 241 78 519 165539 24 7871859 305757 1.4 10 8 5 10 4%   0 347320 26049 100%
c - 313.41 96 241 78 520 166317 24 7894640 306517 1.4 10 8 5 10 4%   0 347320 26049 100%
c } 313.66 96 241 79 520 166630 24 7902792 314635 1.4 10 8 5 10 4%   0 347320 26049 100%
c [ 313.66 96 101 79 520 166630 2 7902792 314635 1.7 67 39 5 27 3%   0 347320 26049 100%
c W 316.72 83 101 79 520 166630 2 7902792 314635 1.7 67 39 5 27 3%   0 347320 26049 100%
c - 317.21 86 106 79 521 166639 2 7917446 302906 1.7 66 39 5 27 3%   0 347320 26049 100%
c - 318.24 88 113 79 522 166648 2 7940272 291326 1.6 71 43 5 27 3%   0 347320 26049 100%
c - 319.02 89 113 79 523 166659 2 7963120 282569 1.7 68 41 5 27 3%   0 347320 26049 100%
c - 320.05 90 113 79 524 166662 2 7985990 273379 1.6 71 43 5 27 3%   0 347320 26049 100%
c o 320.20 90 113 79 524 166666 2 7990901 278277 1.7 69 42 5 27 3%   0 347320 26049 100%
c - 320.84 91 115 79 525 166674 2 8008882 266873 1.7 67 41 5 27 3%   0 347320 26049 100%
c - 321.78 92 116 79 526 166684 2 8031795 260032 1.7 66 40 5 27 3%   0 347320 26049 100%
c u 322.61 96 118 79 526 166689 2 8040664 240181 1.7 65 39 5 27 3%   0 347320 26049 100%
c
c seconds     switched       rate            size/glue  tier1   binary          remaining
c         MB    reductions      conflicts          size   tier2    irredundant
c           level      restarts        redundant      glue   trail         variables
c
c v 322.75 96 118 79 526 166689 2 8040664 235422 1.7 65 39 5 27 3%   0 347320 26049 100%
c w 323.05 97 118 79 526 166689 2 8040664 234994 1.7 65 39 5 27 3%   0 347320 26049 100%
c - 323.71 97 117 79 527 166691 2 8054729 224137 1.7 65 39 5 27 3%   0 347320 26049 100%
c - 324.99 98 115 79 528 166692 2 8077685 222605 1.7 68 40 5 27 3%   0 347320 26049 100%
c - 326.68 99 113 79 529 166694 2 8100665 221495 1.7 72 42 5 27 3%   0 347320 26049 100%
c - 328.04 99 110 79 530 166706 2 8123665 223293 1.7 72 42 5 27 3%   0 347320 26049 100%
c ] 328.97 100 107 80 530 166713 2 8139453 238845 1.7 73 42 5 27 3%   0 347320 26049 100%
c { 328.97 100 241 80 530 166713 24 8139453 238845 1.4 10 8 5 10 4%   0 347320 26049 100%
c - 329.29 100 241 80 531 166985 24 8146686 229192 1.4 10 8 5 10 4%   0 347320 26049 100%
c - 330.14 89 242 80 532 167771 24 8169729 240478 1.4 10 8 5 10 4%   0 347320 26049 100%
c - 330.90 91 242 80 533 168527 24 8192794 253072 1.4 10 8 5 10 4%   0 347320 26049 100%
c - 331.71 92 242 80 534 169302 24 8215880 265232 1.4 10 8 5 10 4%   0 347320 26049 100%
c - 332.46 93 242 80 535 170087 24 8238988 277850 1.4 10 8 5 10 4%   0 347320 26049 100%
c - 333.16 93 242 80 536 170889 24 8262118 290423 1.4 11 8 5 10 4%   0 347320 26049 100%
c - 333.84 94 241 80 537 171644 24 8285270 300981 1.4 10 8 5 10 4%   0 347320 26049 100%
c - 334.55 95 241 80 538 172418 24 8308443 309554 1.4 10 8 5 10 4%   0 347320 26049 100%
c - 335.28 95 241 80 539 173205 24 8331637 314124 1.4 10 8 5 10 4%   0 347320 26049 100%
c u 336.09 97 241 80 539 173405 24 8336849 283189 1.4 10 8 5 10 4%   0 347320 26049 100%
c v 336.37 97 241 80 539 173405 24 8336849 271779 1.4 10 8 5 10 4%   0 347320 26049 100%
c w 336.65 97 241 80 539 173405 24 8336849 269524 1.4 10 8 5 10 4%   0 347320 26049 100%
c
c seconds     switched        rate            size/glue tier1   binary          remaining
c         MB    reductions       conflicts          size  tier2    irredundant
c           level      restarts         redundant     glue   trail         variables
c
c - 337.26 97 241 80 540 174018 24 8354853 278745 1.4 10 8 5 10 4%   0 347320 26049 100%
c - 337.97 98 241 80 541 174804 24 8378090 294028 1.4 10 8 5 10 4%   0 347320 26049 100%
c o 338.35 98 241 80 541 175221 24 8390939 306824 1.4 10 8 5 10 4%   0 347320 26049 100%
c - 338.68 98 241 80 542 175591 24 8401349 305664 1.4 10 8 5 10 4%   0 347320 26049 100%
c - 339.42 98 241 80 543 176388 24 8424629 315639 1.4 10 8 5 10 4%   0 347320 26049 100%
c - 340.14 98 241 80 544 177235 24 8447931 324927 1.4 10 8 5 10 4%   0 347320 26049 100%
c } 340.68 99 241 81 544 177898 24 8465896 342828 1.4 10 8 5 10 4%   0 347320 26049 100%
c [ 340.68 99 107 81 544 177898 2 8465896 342828 1.7 73 42 5 27 3%   0 347320 26049 100%
c O 340.68 99 107 81 544 177898 2 8465896 342828 1.7 73 42 5 27 3%   0 347320 26049 100%
c - 340.88 99 108 81 545 177902 2 8471254 330664 1.7 71 42 5 27 3%   0 347320 26049 100%
c - 341.67 99 109 81 546 177912 2 8494599 326221 1.7 67 39 5 27 3%   0 347320 26049 100%
c - 342.62 99 110 81 547 177925 2 8517965 317696 1.7 66 39 5 27 3%   0 347320 26049 100%
c - 343.88 101 108 81 548 177928 2 8541355 306433 1.7 69 40 5 27 3%   0 347320 26049 100%
c - 345.08 102 106 81 549 177939 2 8564765 294670 1.7 70 40 5 27 3%   0 347320 26049 100%
c - 346.46 104 103 81 550 177949 2 8588196 282777 1.7 71 42 5 27 3%   0 347320 26049 100%
c - 347.36 85 103 81 551 177958 2 8611650 274927 1.7 68 40 5 27 3%   0 347320 26049 100%
c - 348.67 86 101 81 552 177960 2 8635123 268995 1.7 70 42 5 27 3%   0 347320 26049 100%
c u 349.49 92 101 81 552 177960 2 8638877 245724 1.7 70 42 5 27 3%   0 347320 26049 100%
c v 349.59 92 101 81 552 177960 2 8638877 243130 1.7 70 42 5 27 3%   0 347320 26049 100%
c w 350.03 95 101 81 552 177960 2 8638877 241165 1.7 70 42 5 27 3%   0 347320 26049 100%
c
c seconds    switched       rate            size/glue  tier1   binary          remaining
c         MB   reductions      conflicts          size   tier2    irredundant
c          level      restarts        redundant      glue   trail         variables
c
c - 351.05 95 98 81 553 177960 2 8658617 239149 1.7 70 41 5 27 3%   0 347320 26049 100%
c - 351.93 96 99 81 554 177973 2 8682132 246213 1.7 66 38 5 27 3%   0 347320 26049 100%
c - 352.71 96 101 81 555 177982 2 8705669 253818 1.7 62 36 5 27 3%   0 347320 26049 100%
c ] 352.87 96 101 82 555 177984 2 8709576 257683 1.7 62 36 5 27 3%   0 347320 26049 100%
c { 352.87 96 241 82 555 177984 24 8709576 257683 1.4 10 8 5 10 4%   0 347320 26049 100%
c - 353.44 98 230 82 556 178281 23 8729227 262453 1.4 10 8 5 10 4%   0 347320 26049 100%
c - 354.10 99 218 82 557 178665 22 8752807 272941 1.4 10 7 5 10 4%   0 347320 26049 100%
c - 354.72 100 210 82 558 179031 21 8776407 284088 1.4 10 7 5 10 3%   0 347320 26049 100%
c - 355.40 101 203 82 559 179468 20 8800029 296692 1.4 10 7 5 10 3%   0 347320 26049 100%
c o 355.43 101 203 82 559 179481 20 8801074 297736 1.4 10 7 5 10 3%   0 347320 26049 100%
c - 356.10 101 197 82 560 179857 20 8823673 309774 1.4 10 7 5 10 3%   0 347320 26049 100%
c - 356.84 102 192 82 561 180288 19 8847337 321405 1.4 10 7 5 10 3%   0 347320 26049 100%
c - 357.55 103 188 82 562 180737 19 8871022 331050 1.4 10 7 5 10 3%   0 347320 26049 100%
c - 358.25 103 185 82 563 181182 19 8894728 334792 1.4 10 7 5 10 3%   0 347320 26049 100%
c - 358.92 104 183 82 564 181626 18 8918456 337148 1.4 9 7 5 10 3%   0 347320 26049 100%
c - 359.59 104 181 82 565 182068 18 8942204 339172 1.4 9 7 5 10 3%   0 347320 26049 100%
c u 360.26 106 180 82 565 182157 18 8946800 319249 1.4 9 7 5 10 3%   0 347320 26049 100%
c v 360.56 106 180 82 565 182157 18 8946800 307599 1.4 9 7 5 10 3%   0 347320 26049 100%
c w 360.80 106 180 82 565 182157 18 8946800 306007 1.4 9 7 5 10 3%   0 347320 26049 100%
c - 361.44 93 179 82 566 182524 18 8965974 308925 1.4 9 7 5 10 3%   0 347320 26049 100%
c
c seconds     switched        rate            size/glue tier1  binary          remaining
c         MB    reductions       conflicts         size  tier2    irredundant
c           level      restarts         redundant    glue   trail         variables
c
c - 362.16 95 178 82 567 183050 18 8989764 317186 1.4 9 7 5 10 3%   0 347320 26049 100%
c - 362.99 96 178 82 568 183568 18 9013575 321859 1.4 9 7 5 10 3%   0 347320 26049 100%
c - 363.84 96 177 82 569 184086 18 9037408 324603 1.4 9 7 5 10 3%   0 347320 26049 100%
c } 364.32 97 177 83 569 184399 18 9051182 338354 1.4 9 7 5 10 3%   0 347320 26049 100%
c [ 364.32 97 101 83 569 184399 2 9051182 338354 1.7 62 36 5 27 3%   0 347320 26049 100%
c B 364.32 97 101 83 569 184399 2 9051182 338354 1.7 62 36 5 27 3%   0 347320 26049 100%
c - 364.71 97 104 83 570 184405 2 9061263 323290 1.7 62 36 5 27 3%   0 347320 26049 100%
c - 365.69 98 105 83 571 184415 2 9085138 315228 1.7 65 37 5 27 3%   0 347320 26049 100%
c - 366.47 98 108 83 572 184428 2 9109033 309870 1.8 61 35 5 27 3%   0 347320 26049 100%
c - 367.63 99 107 83 573 184429 2 9132949 300249 1.8 65 37 5 27 3%   0 347320 26049 100%
c - 368.58 100 109 83 574 184443 2 9156888 292997 1.8 62 35 5 27 3%   0 347320 26049 100%
c - 369.51 100 110 83 575 184454 2 9180847 288376 1.8 60 34 5 27 3%   0 347320 26049 100%
c - 370.65 101 109 83 576 184460 2 9204826 282076 1.8 61 34 5 27 3%   0 347320 26049 100%
c - 372.06 102 107 83 577 184461 2 9228829 279685 1.8 64 36 5 27 3%   0 347320 26049 100%
c - 373.85 103 106 83 578 184465 2 9252849 276921 1.8 69 39 5 27 3%   0 347320 26049 100%
c u 375.16 104 105 83 578 184469 2 9260617 250574 1.7 70 40 5 27 3%   0 347320 26049 100%
c v 375.26 104 105 83 578 184469 2 9260617 248343 1.7 70 40 5 27 3%   0 347320 26049 100%
c w 375.75 109 105 83 578 184469 2 9260617 248158 1.7 70 40 5 27 3%   0 347320 26049 100%
c o 375.84 109 105 83 578 184469 2 9260617 248158 1.7 70 40 5 27 3%   0 347320 26049 100%
c - 376.49 86 107 83 579 184476 2 9276890 246244 1.8 68 39 5 27 3%   0 347320 26049 100%
c
c seconds     switched       rate            size/glue  tier1   binary          remaining
c         MB    reductions      conflicts          size   tier2    irredundant
c           level      restarts        redundant      glue   trail         variables
c
c - 377.34 88 108 83 580 184489 2 9300952 255042 1.8 65 37 5 27 3%   0 347320 26049 100%
c ] 377.99 89 107 84 580 184492 2 9316420 270344 1.8 66 38 5 27 3%   0 347320 26049 100%
c { 377.99 89 177 84 580 184492 18 9316420 270344 1.4 9 7 5 10 3%   0 347320 26049 100%
c - 378.29 93 183 84 581 184961 19 9325035 261474 1.4 9 7 5 10 3%   0 347320 26049 100%
c - 379.04 95 197 84 582 186174 21 9349138 273070 1.4 9 7 5 10 3%   0 347320 26049 100%
c - 379.84 96 208 84 583 187355 23 9373262 287049 1.4 10 7 5 10 3%   0 347320 26049 100%
c - 380.64 96 216 84 584 188522 24 9397407 300231 1.4 10 7 5 10 3%   0 347320 26049 100%
c - 381.41 97 222 84 585 189674 25 9421573 311842 1.3 10 7 5 10 4%   0 347320 26049 100%
c - 382.20 98 227 84 586 190739 25 9445759 323125 1.3 10 7 5 10 4%   0 347320 26049 100%
c - 382.96 98 230 84 587 191720 25 9469966 329244 1.3 10 7 5 10 4%   0 347320 26049 100%
c - 383.73 99 232 84 588 192641 25 9494194 333633 1.3 10 7 5 10 4%   0 347320 26049 100%
c - 384.54 99 234 84 589 193555 25 9518442 336839 1.3 10 7 5 10 4%   0 347320 26049 100%
c - 385.31 100 236 84 590 194457 25 9542711 339922 1.3 10 7 5 10 4%   0 347320 26049 100%
c - 386.10 101 237 84 591 195352 25 9567000 342650 1.4 10 8 5 10 4%   0 347320 26049 100%
c u 387.28 95 238 84 591 195863 25 9580356 321620 1.4 10 8 5 10 4%   0 347320 26049 100%
c v 387.62 96 238 84 591 195863 25 9580356 308053 1.4 10 8 5 10 4%   0 347320 26049 100%
c w 387.89 96 238 84 591 195863 25 9580356 306547 1.4 10 8 5 10 4%   0 347320 26049 100%
c - 389.08 96 238 84 592 196266 25 9591310 307183 1.4 10 8 5 10 4%   0 347320 26049 100%
c - 389.83 97 239 84 593 197150 25 9615641 321820 1.4 10 8 5 10 4%   0 347320 26049 100%
c - 390.63 98 240 84 594 198038 25 9639992 334609 1.4 10 8 5 10 4%   0 347320 26049 100%
c
c seconds     switched        rate            size/glue tier1   binary          remaining
c         MB    reductions       conflicts          size  tier2    irredundant
c           level      restarts         redundant     glue   trail         variables
c
c - 391.40 99 240 84 595 198940 25 9664365 344297 1.4 10 8 5 10 4%   0 347320 26049 100%
c } 391.67 99 240 85 595 199268 25 9673498 353395 1.4 10 8 5 10 4%   0 347320 26049 100%
c [ 391.67 99 107 85 595 199268 2 9673498 353395 1.8 66 38 5 27 3%   0 347320 26049 100%
c W 395.20 85 107 85 595 199268 2 9673498 353395 1.8 66 38 5 27 3%   0 347320 26049 100%
c - 395.80 88 110 85 596 199277 2 9688757 347354 1.7 66 39 5 27 3%   0 347320 26049 100%
c - 397.04 92 110 85 597 199288 2 9713170 336214 1.7 71 43 5 27 3%   0 347320 26049 100%
c - 398.02 94 113 85 598 199297 2 9737603 325895 1.7 70 43 5 27 3%   0 347320 26049 100%
c - 399.31 96 114 85 599 199304 2 9762057 313875 1.6 74 46 5 27 3%   0 347320 26049 100%
c o 399.72 96 115 85 599 199311 2 9773893 325668 1.6 71 44 5 27 3%   0 347320 26049 100%
c - 400.22 96 115 85 600 199313 2 9786531 305295 1.6 70 43 5 27 3%   0 347320 26049 100%
c - 401.04 97 115 85 601 199327 2 9811025 303736 1.7 65 39 5 27 3%   0 347320 26049 100%
c - 402.34 98 113 85 602 199329 2 9835541 300629 1.7 68 41 5 27 3%   0 347320 26049 100%
c - 403.92 99 111 85 603 199330 2 9860076 293013 1.7 74 44 5 27 3%   0 347320 26049 100%
c - 405.73 100 109 85 604 199340 2 9884632 289859 1.7 79 46 5 27 3%   0 347320 26049 100%
c u 407.76 104 108 85 604 199348 2 9906015 292183 1.7 81 47 5 27 3%   0 347320 26049 100%
c v 407.89 104 108 85 604 199348 2 9906015 290408 1.7 81 47 5 27 3%   0 347320 26049 100%
c w 408.52 113 108 85 604 199348 2 9906015 290306 1.7 81 47 5 27 3%   0 347320 26049 100%
c - 409.34 91 108 85 605 199351 2 9909208 270192 1.7 80 46 5 27 3%   0 347320 26049 100%
c ] 409.61 91 108 86 605 199353 2 9915604 276551 1.7 79 45 5 27 3%   0 347320 26049 100%
c { 409.61 91 240 86 605 199353 25 9915604 276551 1.4 10 8 5 10 4%   0 347320 26049 100%
c
c seconds     switched        rate            size/glue tier1   binary          remaining
c         MB    reductions       conflicts          size  tier2    irredundant
c           level      restarts         redundant     glue   trail         variables
c
c - 410.19 96 230 86 606 199653 24 9933804 280047 1.4 10 8 5 10 4%   0 347320 26049 100%
c - 410.94 98 218 86 607 200057 22 9958422 292416 1.4 10 7 5 10 4%   0 347320 26049 100%
c - 411.60 99 208 86 608 200443 21 9983061 305480 1.4 10 7 5 10 3%   0 347320 26049 100%
c - 412.31 100 200 86 609 200838 20 10007718 319165 1.4 10 7 5 10 3%   0 347320 26049 100%
c - 413.00 101 195 86 610 201271 19 10032395 329515 1.4 10 7 5 10 3%   0 347320 26049 100%
c - 413.71 101 190 86 611 201739 19 10057093 338814 1.4 10 7 5 10 3%   0 347320 26049 100%
c - 414.44 102 186 86 612 202229 19 10081811 346764 1.4 10 7 5 10 3%   0 347320 26049 100%
c - 415.17 102 184 86 613 202688 19 10106549 349762 1.4 9 7 5 10 3%   0 347320 26049 100%
c - 415.89 103 181 86 614 203183 18 10131308 351669 1.4 9 7 5 10 3%   0 347320 26049 100%
c - 416.65 103 180 86 615 203654 18 10156087 353494 1.4 9 7 5 10 3%   0 347320 26049 100%
c - 417.36 104 178 86 616 204168 18 10180886 355190 1.4 9 7 5 10 3%   0 347320 26049 100%
c - 418.08 104 177 86 617 204665 18 10205705 356740 1.4 9 7 5 10 3%   0 347320 26049 100%
c o 418.35 104 178 86 617 204871 18 10213946 364975 1.4 9 7 5 10 3%   0 347320 26049 100%
c - 418.86 105 177 86 618 205244 18 10230544 358446 1.4 9 7 5 10 3%   0 347320 26049 100%
c u 419.66 107 177 86 618 205384 18 10237621 337320 1.4 9 7 5 10 3%   0 347320 26049 100%
c v 419.99 107 177 86 618 205384 18 10237621 324558 1.4 9 7 5 10 3%   0 347320 26049 100%
c w 420.26 107 177 86 618 205384 18 10237621 322773 1.4 9 7 5 10 3%   0 347320 26049 100%
c - 420.88 107 177 86 619 205792 18 10255404 323685 1.4 9 7 5 10 3%   0 347320 26049 100%
c - 421.60 108 176 86 620 206316 18 10280283 332194 1.4 9 7 5 10 3%   0 347320 26049 100%
c } 421.82 108 176 87 620 206506 18 10288459 340354 1.4 9 7 5 10 3%   0 347320 26049 100%
c
c seconds      switched       rate             size/glue  tier1   binary          remaining
c          MB    reductions      conflicts           size   tier2    irredundant
c            level      restarts         redundant      glue   trail         variables
c
c [ 421.82 108 108 87 620 206506 2 10288459 340354 1.7 79 45 5 27 3%   0 347320 26049 100%
c I 421.82 108 108 87 620 206506 2 10288459 340354 1.7 79 45 5 27 3%   0 347320 26049 100%
c - 422.39 108 111 87 621 206516 2 10305182 331671 1.7 76 44 5 27 3%   0 347320 26049 100%
c - 423.25 108 115 87 622 206527 2 10330101 324426 1.7 73 43 5 27 3%   0 347320 26049 100%
c - 424.27 109 117 87 623 206536 2 10355040 313151 1.7 75 45 5 27 3%   0 347320 26049 100%
c - 425.53 86 117 87 624 206543 2 10379999 300372 1.7 77 47 5 27 3%   0 347320 26049 100%
c - 426.39 90 117 87 625 206553 2 10404978 294757 1.7 73 43 5 27 3%   0 347320 26049 100%
c - 427.17 91 116 87 626 206566 2 10429978 290557 1.7 68 40 5 27 3%   0 347320 26049 100%
c - 428.48 93 111 87 627 206568 2 10454997 285211 1.8 71 40 5 27 3%   0 347320 26049 100%
c - 429.99 95 108 87 628 206568 2 10480036 282464 1.8 74 42 5 27 3%   0 347320 26049 100%
c - 431.39 97 107 87 629 206581 2 10505096 283140 1.8 74 42 5 27 3%   0 347320 26049 100%
c - 432.30 97 108 87 630 206590 2 10530175 290499 1.8 70 40 5 27 3%   0 347320 26049 100%
c - 433.24 98 109 87 631 206599 2 10555278 294442 1.8 68 39 5 27 3%   0 347320 26049 100%
c ] 434.00 99 108 88 631 206601 2 10569013 307951 1.7 70 41 5 27 3%   0 347320 26049 100%
c { 434.00 99 176 88 631 206601 18 10569013 307951 1.4 9 7 5 10 3%   0 347320 26049 100%
c u 434.93 104 181 88 631 206952 19 10575201 275941 1.4 9 7 5 10 3%   0 347320 26049 100%
c v 435.11 105 181 88 631 206952 19 10575201 270046 1.4 9 7 5 10 3%   0 347320 26049 100%
c w 435.61 112 181 88 631 206952 19 10575201 269806 1.4 9 7 5 10 3%   0 347320 26049 100%
c - 435.88 92 184 88 632 207243 20 10580397 256774 1.4 9 7 5 10 3%   0 347320 26049 100%
c - 436.65 95 199 88 633 208594 22 10605537 272425 1.3 9 7 5 10 3%   0 347320 26049 100%
c
c seconds     switched        rate             size/glue tier1   binary          remaining
c         MB    reductions       conflicts           size  tier2    irredundant
c           level      restarts          redundant     glue   trail         variables
c
c - 437.41 96 210 88 634 209904 24 10630699 290046 1.3 10 7 5 10 3%   0 347320 26049 100%
c - 438.16 97 217 88 635 210974 24 10655878 305261 1.3 10 7 5 10 3%   0 347320 26049 100%
c o 438.44 97 220 88 635 211359 25 10663977 313320 1.3 10 7 5 10 3%   0 347320 26049 100%
c - 438.98 98 223 88 636 212127 25 10681077 318897 1.3 10 7 5 10 4%   0 347320 26049 100%
c - 439.79 99 228 88 637 213228 25 10706296 326251 1.3 10 7 5 10 4%   0 347320 26049 100%
c - 440.62 100 231 88 638 214274 26 10731534 330369 1.3 10 7 5 10 4%   0 347320 26049 100%
c - 441.45 100 234 88 639 215296 26 10756792 334146 1.3 10 7 5 10 4%   0 347320 26049 100%
c - 442.23 101 235 88 640 216148 25 10782071 337616 1.3 10 7 5 10 4%   0 347320 26049 100%
c - 443.04 101 236 88 641 217171 25 10807369 340508 1.3 10 8 5 10 4%   0 347320 26049 100%
c - 443.87 102 238 88 642 218152 25 10832686 343720 1.3 10 8 5 10 4%   0 347320 26049 100%
c - 444.70 102 239 88 643 219033 25 10858024 346878 1.3 10 8 5 10 4%   0 347320 26049 100%
c - 445.52 102 239 88 644 219942 25 10883381 349511 1.4 10 8 5 10 4%   0 347320 26049 100%
c - 446.35 103 239 88 645 220876 25 10908758 352568 1.4 10 8 5 10 4%   0 347320 26049 100%
c u 447.33 105 239 88 645 221185 25 10918754 326390 1.4 10 8 5 10 4%   0 347320 26049 100%
c v 447.68 105 239 88 645 221185 25 10918754 312771 1.4 10 8 5 10 4%   0 347320 26049 100%
c w 447.99 105 239 88 645 221185 25 10918754 310977 1.4 10 8 5 10 4%   0 347320 26049 100%
c - 448.54 105 239 88 646 221674 25 10934154 317005 1.4 10 8 5 10 4%   0 347320 26049 100%
c } 449.25 105 239 89 646 222442 24 10957951 340717 1.4 10 8 5 10 4%   0 347320 26049 100%
c [ 449.25 105 108 89 646 222442 2 10957951 340717 1.7 70 41 5 27 3%   0 347320 26049 100%
c B 449.25 105 108 89 646 222442 2 10957951 340717 1.7 70 41 5 27 3%   0 347320 26049 100%
c
c seconds      switched       rate             size/glue  tier1   binary          remaining
c          MB    reductions      conflicts           size   tier2    irredundant
c            level      restarts         redundant      glue   trail         variables
c
c - 449.34 105 109 89 647 222443 2 10959570 333046 1.7 70 40 5 27 3%   0 347320 26049 100%
c - 450.22 105 114 89 648 222456 2 10985006 338646 1.7 68 39 5 27 3%   0 347320 26049 100%
c - 451.25 106 115 89 649 222469 2 11010462 338077 1.7 68 40 5 27 3%   0 347320 26049 100%
c - 452.53 108 111 89 650 222472 2 11035938 328136 1.7 71 43 5 27 3%   0 347320 26049 100%
c - 453.55 108 111 89 651 222486 2 11061433 318642 1.7 68 41 5 27 3%   0 347320 26049 100%
c - 454.44 89 111 89 652 222496 2 11086947 318175 1.7 65 39 5 27 3%   0 347320 26049 100%
c - 455.45 91 111 89 653 222503 2 11112481 317206 1.7 65 38 5 27 3%   0 347320 26049 100%
c - 457.03 94 112 89 654 222504 2 11138035 312324 1.6 72 44 5 27 3%   0 347320 26049 100%
c o 458.45 95 111 89 654 222509 2 11159774 333713 1.6 75 47 5 27 3%   0 347320 26049 100%
c - 458.61 96 111 89 655 222511 2 11163608 309898 1.6 74 46 5 27 3%   0 347320 26049 100%
c - 459.67 97 112 89 656 222521 2 11189200 311568 1.6 72 44 5 27 3%   0 347320 26049 100%
c - 460.59 99 111 89 657 222534 2 11214813 315342 1.6 67 41 5 27 3%   0 347320 26049 100%
c - 461.88 100 110 89 658 222538 2 11240445 316993 1.6 68 42 5 27 3%   0 347320 26049 100%
c W 466.67 87 108 89 658 222546 2 11253861 330368 1.7 65 39 5 27 3%   0 347320 26049 100%
c - 467.16 90 110 89 659 222550 2 11266097 321165 1.6 65 40 5 27 3%   0 347320 26049 100%
c u 467.90 97 110 89 659 222550 2 11268309 293153 1.6 66 40 5 27 3%   0 347320 26049 100%
c v 468.01 97 110 89 659 222550 2 11268309 289509 1.6 66 40 5 27 3%   0 347320 26049 100%
c w 468.41 98 110 89 659 222550 2 11268309 286533 1.6 66 40 5 27 3%   0 347320 26049 100%
c ] 468.81 98 112 90 659 222557 2 11278778 296948 1.6 65 39 5 27 3%   0 347320 26049 100%
c { 468.81 98 239 90 659 222557 24 11278778 296948 1.4 10 8 5 10 4%   0 347320 26049 100%
c
c seconds      switched        rate             size/glue tier1   binary          remaining
c          MB    reductions       conflicts           size  tier2    irredundant
c            level      restarts          redundant     glue   trail         variables
c
c - 469.24 100 239 90 660 223020 24 11291767 294483 1.4 10 8 5 10 4%   0 347320 26049 100%
c - 470.03 101 239 90 661 223892 24 11317457 308251 1.4 10 8 5 10 4%   0 347320 26049 100%
c - 470.83 102 240 90 662 224782 24 11343168 320295 1.4 10 8 5 10 4%   0 347320 26049 100%
c - 471.60 103 240 90 663 225596 24 11368900 328345 1.4 10 8 5 10 4%   0 347320 26049 100%
c - 472.42 104 240 90 664 226521 24 11394648 330995 1.4 10 8 5 10 4%   0 347320 26049 100%
c - 473.22 104 240 90 665 227473 24 11420416 332190 1.4 10 8 5 10 4%   0 347320 26049 100%
c - 474.06 105 240 90 666 228312 24 11446204 333000 1.4 10 8 5 10 4%   0 347320 26049 100%
c - 474.89 105 241 90 667 229192 24 11472011 333774 1.4 10 8 5 10 4%   0 347320 26049 100%
c - 475.76 106 240 90 668 230078 24 11497837 334264 1.4 10 8 5 10 4%   0 347320 26049 100%
c - 476.60 106 239 90 669 230916 24 11523683 335049 1.4 10 8 5 10 4%   0 347320 26049 100%
c - 477.43 106 239 90 670 231816 24 11549549 336078 1.4 10 8 5 10 4%   0 347320 26049 100%
c - 478.28 106 239 90 671 232668 24 11575434 336881 1.4 10 8 5 10 4%   0 347320 26049 100%
c - 479.10 107 239 90 672 233566 24 11601337 337681 1.4 10 8 5 10 4%   0 347320 26049 100%
c u 480.45 108 239 90 672 234343 24 11623863 330923 1.4 10 8 5 10 4%   0 347320 26049 100%
c v 480.90 109 239 90 672 234343 24 11623863 314419 1.4 10 8 5 10 4%   0 347320 26049 100%
c w 481.15 109 239 90 672 234343 24 11623863 313484 1.4 10 8 5 10 4%   0 347320 26049 100%
c - 481.36 91 239 90 673 234451 24 11627263 298115 1.4 10 8 5 10 4%   0 347320 26049 100%
c o 481.47 93 240 90 673 234560 24 11629802 300647 1.4 10 8 5 10 4%   0 347320 26049 100%
c - 482.22 96 240 90 674 235343 24 11653206 305512 1.4 10 8 5 10 4%   0 347320 26049 100%
c - 483.05 98 240 90 675 236246 24 11679168 312505 1.4 10 8 5 10 4%   0 347320 26049 100%
c
c seconds     switched        rate             size/glue tier1   binary          remaining
c         MB    reductions       conflicts           size  tier2    irredundant
c           level      restarts          redundant     glue   trail         variables
c
c } 483.21 98 240 91 675 236445 24 11684098 317419 1.4 10 8 5 10 4%   0 347320 26049 100%
c [ 483.21 98 112 91 675 236445 2 11684098 317419 1.6 65 39 5 27 3%   0 347320 26049 100%
c O 483.21 98 112 91 675 236445 2 11684098 317419 1.6 65 39 5 27 3%   0 347320 26049 100%
c - 483.82 98 116 91 676 236458 2 11705148 309851 1.7 62 37 5 27 3%   0 347320 26049 100%
c - 484.68 99 118 91 677 236468 2 11731149 302172 1.7 61 36 5 27 3%   0 347320 26049 100%
c - 485.59 100 117 91 678 236475 2 11757168 294407 1.7 61 36 5 27 3%   0 347320 26049 100%
c - 486.54 100 117 91 679 236486 2 11783209 294945 1.7 59 34 5 27 3%   0 347320 26049 100%
c - 487.68 102 114 91 680 236497 2 11809267 296043 1.7 61 35 5 27 3%   0 347320 26049 100%
c - 488.81 102 111 91 681 236506 2 11835343 300006 1.7 60 34 5 27 3%   0 347320 26049 100%
c - 490.37 104 108 91 682 236507 2 11861438 297826 1.7 65 39 5 27 3%   0 347320 26049 100%
c - 491.78 106 106 91 683 236513 2 11887554 296384 1.7 67 39 5 27 3%   0 347320 26049 100%
c - 492.80 106 105 91 684 236523 2 11913688 302641 1.7 65 38 5 27 3%   0 347320 26049 100%
c - 493.75 106 105 91 685 236537 2 11939844 308955 1.7 62 36 5 27 3%   0 347320 26049 100%
c - 495.25 108 105 91 686 236541 2 11966016 308785 1.7 67 39 5 27 3%   0 347320 26049 100%
c u 496.64 96 106 91 686 236552 2 11985469 291412 1.7 63 37 5 27 3%   0 347320 26049 100%
c v 496.83 96 106 91 686 236552 2 11985469 285069 1.7 63 37 5 27 3%   0 347320 26049 100%
c w 497.25 99 106 91 686 236552 2 11985469 284847 1.7 63 37 5 27 3%   0 347320 26049 100%
c - 497.62 99 106 91 687 236553 2 11992207 273634 1.7 63 37 5 27 3%   0 347320 26049 100%
c B 497.93 99 106 91 687 236556 2 11998680 280058 1.7 64 38 5 27 3%   0 347320 26049 100%
c - 498.81 100 107 91 688 236567 2 12018417 278131 1.7 65 39 5 27 3%   0 347320 26049 100%
c
c seconds      switched       rate             size/glue  tier1   binary          remaining
c          MB    reductions      conflicts           size   tier2    irredundant
c            level      restarts         redundant      glue   trail         variables
c
c ] 498.97 100 106 92 688 236568 2 12022081 281711 1.7 65 39 5 27 3%   0 347320 26049 100%
c { 498.97 100 240 92 688 236568 24 12022081 281711 1.4 10 8 5 10 4%   0 347320 26049 100%
c - 499.66 101 241 92 689 237282 24 12044647 290126 1.4 10 8 5 10 4%   0 347320 26049 100%
c - 500.45 102 240 92 690 238162 24 12070896 305236 1.4 10 8 5 10 4%   0 347320 26049 100%
c - 501.24 103 241 92 691 239032 24 12097163 314824 1.4 10 8 5 10 4%   0 347320 26049 100%
c o 501.64 104 240 92 691 239451 24 12109929 327534 1.4 10 8 5 10 4%   0 347320 26049 100%
c - 502.07 104 240 92 692 239948 24 12123449 319765 1.4 11 8 5 10 4%   0 347320 26049 100%
c - 502.89 105 240 92 693 240842 24 12149754 323687 1.4 11 8 5 10 4%   0 347320 26049 100%
c - 503.70 105 239 92 694 241728 24 12176079 327367 1.4 11 8 5 10 4%   0 347320 26049 100%
c - 504.53 106 239 92 695 242620 24 12202424 330645 1.4 11 8 5 10 4%   0 347320 26049 100%
c - 505.36 106 239 92 696 243474 24 12228786 334030 1.4 11 8 5 10 4%   0 347320 26049 100%
c - 506.22 106 239 92 697 244295 24 12255167 337580 1.4 10 8 5 10 4%   0 347320 26049 100%
c - 507.07 107 240 92 698 245156 24 12281567 341060 1.4 10 8 5 10 4%   0 347320 26049 100%
c - 507.92 107 239 92 699 246009 24 12307986 344851 1.4 10 8 5 10 4%   0 347320 26049 100%
c - 508.76 107 240 92 700 246849 24 12334424 348680 1.4 10 8 5 10 4%   0 347320 26049 100%
c u 510.08 109 239 92 700 247460 24 12353101 327929 1.4 10 8 5 10 4%   0 347320 26049 100%
c v 510.49 109 239 92 700 247460 24 12353101 311964 1.4 10 8 5 10 4%   0 347320 26049 100%
c w 510.80 109 239 92 700 247460 24 12353101 310553 1.4 10 8 5 10 4%   0 347320 26049 100%
c - 511.14 94 240 92 701 247725 24 12360883 310047 1.4 10 8 5 10 4%   0 347320 26049 100%
c - 511.98 98 240 92 702 248633 24 12387359 328372 1.4 10 8 5 10 4%   0 347320 26049 100%
c
c seconds     switched        rate             size/glue tier1   binary          remaining
c         MB    reductions       conflicts           size  tier2    irredundant
c           level      restarts          redundant     glue   trail         variables
c
c - 512.80 99 239 92 703 249494 24 12413854 345417 1.4 10 8 5 10 4%   0 347320 26049 100%
c - 513.67 100 240 92 704 250412 24 12440369 357601 1.4 10 8 5 10 4%   0 347320 26049 100%
c } 513.79 100 240 93 704 250539 24 12444087 361306 1.4 11 8 5 10 4%   0 347320 26049 100%
c [ 513.79 100 106 93 704 250539 2 12444087 361306 1.7 65 39 5 27 3%   0 347320 26049 100%
c W 518.49 88 106 93 704 250539 2 12444087 361306 1.7 65 39 5 27 3%   0 347320 26049 100%
c - 519.31 92 109 93 705 250552 2 12466901 353973 1.7 63 38 5 27 3%   0 347320 26049 100%
c - 520.27 94 111 93 706 250564 2 12493452 344979 1.7 62 37 5 27 3%   0 347320 26049 100%
c - 521.60 95 109 93 707 250569 2 12520024 338435 1.7 65 39 5 27 3%   0 347320 26049 100%
c - 522.91 97 106 93 708 250583 2 12546613 335031 1.7 66 39 5 27 3%   0 347320 26049 100%
c - 524.06 99 106 93 709 250594 2 12573221 336181 1.7 65 39 5 27 3%   0 347320 26049 100%
c - 525.20 99 101 93 710 250600 2 12599848 336137 1.7 64 38 5 27 3%   0 347320 26049 100%
c - 526.58 100 97 93 711 250601 2 12626493 334844 1.7 66 40 5 27 3%   0 347320 26049 100%
c - 528.11 102 95 93 712 250609 2 12653157 333336 1.7 67 40 5 27 3%   0 347320 26049 100%
c - 529.51 103 91 93 713 250622 2 12679841 336479 1.7 67 39 5 27 3%   0 347320 26049 100%
c - 530.77 104 92 93 714 250632 2 12706544 337555 1.7 66 39 5 27 3%   0 347320 26049 100%
c u 532.42 108 90 93 714 250636 2 12726815 327312 1.7 66 38 5 27 3%   0 347320 26049 100%
c v 532.58 108 90 93 714 250636 2 12726815 323135 1.7 66 38 5 27 3%   0 347320 26049 100%
c w 533.21 115 90 93 714 250636 2 12726815 322726 1.7 66 38 5 27 3%   0 347320 26049 100%
c o 533.30 115 90 93 714 250636 2 12726815 322726 1.7 66 38 5 27 3%   0 347320 26049 100%
c - 533.59 90 92 93 715 250639 2 12733264 306481 1.7 64 38 5 27 3%   0 347320 26049 100%
c
c seconds    switched       rate             size/glue  tier1   binary          remaining
c         MB   reductions      conflicts           size   tier2    irredundant
c          level      restarts         redundant      glue   trail         variables
c
c - 534.66 93 96 93 716 250651 2 12760003 309556 1.7 64 37 5 27 3%   0 347320 26049 100%
c ] 534.75 93 97 94 716 250653 2 12763017 312545 1.7 63 37 5 27 3%   0 347320 26049 100%
c { 534.75 93 240 94 716 250653 24 12763017 312545 1.4 11 8 5 10 4%   0 347320 26049 100%
c - 535.51 99 239 94 717 251451 24 12786761 321849 1.4 10 8 5 10 4%   0 347320 26049 100%
c - 536.35 100 240 94 718 252337 24 12813537 332473 1.4 10 8 5 10 4%   0 347320 26049 100%
c - 537.21 101 239 94 719 253242 24 12840332 343780 1.4 10 8 5 10 4%   0 347320 26049 100%
c - 538.04 102 239 94 720 254172 24 12867146 347967 1.4 10 8 5 10 4%   0 347320 26049 100%
c - 538.89 103 239 94 721 255082 24 12893978 349639 1.4 10 8 5 10 4%   0 347320 26049 100%
c - 539.77 103 239 94 722 256030 24 12920829 350824 1.4 10 8 5 10 4%   0 347320 26049 100%
c - 540.68 104 239 94 723 256942 24 12947700 351798 1.4 10 8 5 10 4%   0 347320 26049 100%
c - 541.56 104 240 94 724 257864 24 12974588 352739 1.4 11 8 5 10 4%   0 347320 26049 100%
c - 542.42 105 239 94 725 258834 24 13001495 353912 1.4 11 8 5 10 4%   0 347320 26049 100%
c - 543.31 105 239 94 726 259731 24 13028420 354929 1.4 11 8 5 10 4%   0 347320 26049 100%
c - 544.17 106 238 94 727 260605 24 13055364 355898 1.4 11 8 5 10 4%   0 347320 26049 100%
c - 545.05 106 238 94 728 261503 24 13082328 356729 1.4 11 8 5 10 4%   0 347320 26049 100%
c u 546.48 108 238 94 728 262329 24 13106605 350094 1.4 11 8 5 10 4%   0 347320 26049 100%
c v 546.97 108 238 94 728 262329 24 13106605 332803 1.4 11 8 5 10 4%   0 347320 26049 100%
c w 547.23 108 238 94 728 262329 24 13106605 331813 1.4 11 8 5 10 4%   0 347320 26049 100%
c - 547.42 108 238 94 729 262404 24 13109309 314497 1.4 11 8 5 10 4%   0 347320 26049 100%
c - 548.26 97 238 94 730 263256 24 13136309 321938 1.4 11 8 5 10 4%   0 347320 26049 100%
c
c seconds     switched        rate             size/glue tier1   binary          remaining
c         MB    reductions       conflicts           size  tier2    irredundant
c           level      restarts          redundant     glue   trail         variables
c
c - 549.07 99 238 94 731 264181 24 13163327 329072 1.4 11 8 5 10 4%   0 347320 26049 100%
c - 549.92 100 237 94 732 265129 24 13190364 331668 1.4 11 8 5 10 4%   0 347320 26049 100%
c } 550.27 100 238 95 732 265513 24 13202002 343264 1.4 11 8 5 10 4%   0 347320 26049 100%
c [ 550.27 100 97 95 732 265513 2 13202002 343264 1.7 63 37 5 27 3%   0 347320 26049 100%
c I 550.27 100 97 95 732 265513 2 13202002 343264 1.7 63 37 5 27 3%   0 347320 26049 100%
c - 550.76 100 102 95 733 265522 2 13217419 329184 1.7 62 36 5 27 3%   0 347320 26049 100%
c o 551.39 101 103 95 733 265530 2 13236836 348444 1.7 61 36 5 27 3%   0 347320 26049 100%
c - 551.63 101 104 95 734 265534 2 13244493 322451 1.7 59 35 5 27 3%   0 347320 26049 100%
c - 552.52 101 106 95 735 265543 2 13271585 314922 1.7 58 34 5 27 3%   0 347320 26049 100%
c - 553.55 102 106 95 736 265553 2 13298695 314358 1.7 57 33 5 27 3%   0 347320 26049 100%
c - 554.37 103 109 95 737 265565 3 13325825 319017 1.7 55 31 5 27 3%   0 347320 26049 100%
c - 555.27 103 108 95 738 265574 3 13352972 324767 1.8 54 31 5 27 3%   0 347320 26049 100%
c - 556.57 105 104 95 739 265575 2 13380139 324377 1.8 59 34 5 27 3%   0 347320 26049 100%
c - 558.01 107 102 95 740 265582 2 13407323 323004 1.7 62 36 5 27 3%   0 347320 26049 100%
c - 558.99 108 102 95 741 265593 2 13434525 329970 1.8 59 33 5 27 3%   0 347320 26049 100%
c - 559.91 108 102 95 742 265605 2 13461746 337910 1.8 58 32 5 27 3%   0 347320 26049 100%
c - 561.02 109 101 95 743 265613 2 13488985 342292 1.8 58 32 5 27 3%   0 347320 26049 100%
c u 561.76 110 101 95 743 265613 2 13492474 310747 1.8 57 32 5 27 3%   0 347320 26049 100%
c v 561.92 110 101 95 743 265613 2 13492474 305843 1.8 57 32 5 27 3%   0 347320 26049 100%
c w 562.25 111 101 95 743 265613 2 13492474 304201 1.8 57 32 5 27 3%   0 347320 26049 100%
c
c seconds     switched       rate             size/glue  tier1   binary          remaining
c         MB    reductions      conflicts           size   tier2    irredundant
c           level      restarts         redundant      glue   trail         variables
c
c - 563.23 92 102 95 744 265624 2 13516243 310342 1.8 56 31 5 27 3%   0 347320 26049 100%
c - 564.23 94 101 95 745 265636 2 13543519 320016 1.8 54 30 5 27 3%   0 347320 26049 100%
c B 564.32 94 101 95 745 265636 2 13545373 321858 1.8 54 30 5 27 3%   0 347320 26049 100%
c - 565.51 96 102 95 746 265638 2 13570814 321647 1.8 58 33 5 27 3%   0 347320 26049 100%
c ] 566.66 97 99 96 746 265638 2 13591677 342253 1.8 63 35 5 27 3%   0 347320 26049 100%
c { 566.66 97 238 96 746 265638 24 13591677 342253 1.4 11 8 5 10 4%   0 347320 26049 100%
c - 566.89 99 237 96 747 265892 24 13598128 321870 1.4 11 8 5 10 4%   0 347320 26049 100%
c - 567.67 101 237 96 748 266807 24 13625460 328251 1.4 11 8 5 10 4%   0 347320 26049 100%
c - 568.48 102 238 96 749 267767 24 13652809 334547 1.4 11 8 5 10 4%   0 347320 26049 100%
c - 569.28 103 238 96 750 268635 24 13680177 338944 1.4 11 8 5 10 4%   0 347320 26049 100%
c - 570.07 104 238 96 751 269535 24 13707563 342885 1.4 11 8 5 10 4%   0 347320 26049 100%
c - 570.86 104 238 96 752 270451 24 13734967 346316 1.4 11 8 5 10 4%   0 347320 26049 100%
c o 571.19 105 238 96 752 270828 24 13746839 358152 1.4 11 8 5 10 4%   0 347320 26049 100%
c - 571.65 105 238 96 753 271296 24 13762389 349792 1.4 10 8 5 10 4%   0 347320 26049 100%
c - 572.45 106 238 96 754 272175 24 13789829 352822 1.4 10 8 5 10 4%   0 347320 26049 100%
c - 573.24 106 237 96 755 273109 24 13817289 356412 1.4 10 8 5 10 4%   0 347320 26049 100%
c - 574.07 106 237 96 756 273993 24 13844766 360060 1.4 10 8 5 10 4%   0 347320 26049 100%
c - 574.91 107 238 96 757 274929 24 13872261 363914 1.4 10 8 5 10 4%   0 347320 26049 100%
c u 575.96 99 238 96 757 275372 24 13884448 336194 1.4 10 8 5 10 4%   0 347320 26049 100%
c v 576.26 100 238 96 757 275372 24 13884448 321291 1.4 10 8 5 10 4%   0 347320 26049 100%
c
c seconds      switched        rate             size/glue tier1   binary          remaining
c          MB    reductions       conflicts           size  tier2    irredundant
c            level      restarts          redundant     glue   trail         variables
c
c w 576.56 100 238 96 757 275372 24 13884448 318761 1.4 10 8 5 10 4%   0 347320 26049 100%
c - 578.39 100 238 96 758 275881 24 13899774 326291 1.4 10 8 5 10 4%   0 347320 26049 100%
c - 579.16 101 239 96 759 276793 24 13927305 346292 1.4 10 8 5 10 4%   0 347320 26049 100%
c - 579.98 102 238 96 760 277710 24 13954854 362539 1.4 10 8 5 10 4%   0 347320 26049 100%
c - 580.83 103 239 96 761 278614 24 13982424 366930 1.4 10 8 5 10 4%   0 347320 26049 100%
c - 581.66 104 239 96 762 279557 24 14010010 368395 1.4 10 8 5 10 4%   0 347320 26049 100%
c - 582.47 104 239 96 763 280484 24 14037614 369200 1.4 11 8 5 10 4%   0 347320 26049 100%
c } 582.79 105 239 97 763 280857 24 14047942 379503 1.4 11 8 5 10 4%   0 347320 26049 100%
c [ 582.79 105 99 97 763 280857 2 14047942 379503 1.8 63 35 5 27 3%   0 347320 26049 100%
c W 587.50 88 99 97 763 280857 2 14047942 379503 1.8 63 35 5 27 3%   0 347320 26049 100%
c - 588.09 93 105 97 764 280867 2 14065236 369147 1.8 62 35 5 27 3%   0 347320 26049 100%
c - 589.14 95 106 97 765 280878 2 14092878 368206 1.7 61 35 5 27 3%   0 347320 26049 100%
c - 590.16 96 108 97 766 280887 2 14120536 368853 1.7 60 35 5 27 3%   0 347320 26049 100%
c - 591.83 101 108 97 767 280899 2 14148212 362673 1.7 67 40 5 27 3%   0 347320 26049 100%
c - 593.10 102 108 97 768 280910 2 14175906 358377 1.6 68 41 5 27 3%   0 347320 26049 100%
c - 594.38 103 106 97 769 280918 2 14203619 357983 1.6 69 42 5 27 3%   0 347320 26049 100%
c - 596.07 105 102 97 770 280919 2 14231349 357053 1.6 71 43 5 27 3%   0 347320 26049 100%
c - 597.75 107 100 97 771 280929 2 14259097 356451 1.7 72 43 5 27 3%   0 347320 26049 100%
c u 599.32 111 100 97 771 280939 2 14282558 359902 1.7 71 42 5 27 3%   0 347320 26049 100%
c v 599.46 111 100 97 771 280939 2 14282558 356309 1.7 71 42 5 27 3%   0 347320 26049 100%
c
c seconds      switched       rate             size/glue  tier1   binary          remaining
c          MB    reductions      conflicts           size   tier2    irredundant
c            level      restarts         redundant      glue   trail         variables
c
c w 599.93 118 100 97 771 280939 2 14282558 356083 1.7 71 42 5 27 3%   0 347320 26049 100%
c o 600.37 119 100 97 771 280939 2 14282558 356083 1.7 71 42 5 27 3%   0 347320 26049 100%
c - 600.59 96 101 97 772 280941 2 14286863 337089 1.7 69 41 5 27 3%   0 347320 26049 100%
c - 601.85 99 103 97 773 280950 2 14314648 340086 1.7 69 41 5 27 3%   0 347320 26049 100%
c - 603.18 100 102 97 774 280960 2 14342451 340866 1.7 69 40 5 27 3%   0 347320 26049 100%
c - 604.32 102 103 97 775 280972 2 14370271 342085 1.7 66 38 5 27 3%   0 347320 26049 100%
c ] 604.57 102 102 98 775 280976 2 14376292 348060 1.7 65 38 5 27 3%   0 347320 26049 100%
c { 604.57 102 239 98 775 280976 24 14376292 348060 1.4 11 8 5 10 4%   0 347320 26049 100%
c - 605.15 105 227 98 776 281308 22 14398110 348679 1.4 10 8 5 10 4%   0 347320 26049 100%
c - 605.88 106 214 98 777 281745 21 14425967 361320 1.4 10 7 5 10 3%   0 347320 26049 100%
c - 606.63 107 204 98 778 282210 20 14453841 372700 1.4 10 7 5 10 3%   0 347320 26049 100%
c - 607.41 108 196 98 779 282656 19 14481733 376727 1.4 10 7 5 10 3%   0 347320 26049 100%
c - 608.20 109 191 98 780 283175 19 14509643 378902 1.4 10 7 5 10 3%   0 347320 26049 100%
c - 608.96 109 187 98 781 283696 18 14537571 380711 1.4 10 7 5 10 3%   0 347320 26049 100%
c - 609.73 110 184 98 782 284210 18 14565517 382456 1.4 10 7 5 10 3%   0 347320 26049 100%
c - 610.51 111 181 98 783 284773 18 14593481 384292 1.4 9 7 5 10 3%   0 347320 26049 100%
c - 611.27 111 179 98 784 285339 18 14621464 386113 1.4 9 7 5 10 3%   0 347320 26049 100%
c - 612.07 111 178 98 785 285953 18 14649467 387712 1.4 9 7 5 10 3%   0 347320 26049 100%
c - 612.85 112 177 98 786 286527 18 14677485 389438 1.4 9 7 5 10 3%   0 347320 26049 100%
c u 613.72 114 176 98 786 286709 18 14686796 364412 1.4 9 7 5 10 3%   0 347320 26049 100%
c
c seconds      switched        rate             size/glue tier1  binary          remaining
c          MB    reductions       conflicts          size  tier2    irredundant
c            level      restarts          redundant    glue   trail         variables
c
c v 614.05 114 176 98 786 286709 18 14686796 349758 1.4 9 7 5 10 3%   0 347320 26049 100%
c w 614.36 114 176 98 786 286709 18 14686796 347695 1.4 9 7 5 10 3%   0 347320 26049 100%
c - 614.97 100 176 98 787 287118 18 14705520 349432 1.4 9 7 5 10 3%   0 347320 26049 100%
c - 615.73 102 175 98 788 287746 18 14733573 360776 1.4 9 7 5 10 3%   0 347320 26049 100%
c - 616.52 103 175 98 789 288389 18 14761645 368194 1.4 9 7 5 10 3%   0 347320 26049 100%
c - 617.29 104 175 98 790 289040 18 14789734 372845 1.4 9 7 5 10 3%   0 347320 26049 100%
c o 617.87 104 175 98 790 289525 18 14812714 395817 1.4 9 7 5 10 3%   0 347320 26049 100%
c - 618.05 105 175 98 791 289635 18 14817840 377185 1.4 9 7 5 10 3%   0 347320 26049 100%
c - 618.84 105 175 98 792 290303 18 14845964 381262 1.4 9 7 5 10 3%   0 347320 26049 100%
c } 618.95 105 175 99 792 290385 18 14850126 385420 1.4 9 7 5 10 3%   0 347320 26049 100%
c [ 618.95 105 102 99 792 290385 2 14850126 385420 1.7 65 38 5 27 3%   0 347320 26049 100%
c O 618.95 105 102 99 792 290385 2 14850126 385420 1.7 65 38 5 27 3%   0 347320 26049 100%
c - 619.78 106 105 99 793 290398 2 14874108 377682 1.7 63 37 5 27 3%   0 347320 26049 100%
c - 620.78 106 106 99 794 290412 2 14902268 370515 1.7 61 36 5 27 3%   0 347320 26049 100%
c - 622.05 107 106 99 795 290415 2 14930447 365356 1.7 65 38 5 27 3%   0 347320 26049 100%
c - 622.95 108 107 99 796 290430 2 14958642 369747 1.7 60 35 5 27 3%   0 347320 26049 100%
c - 623.93 108 108 99 797 290444 2 14986855 377851 1.7 57 34 5 27 3%   0 347320 26049 100%
c - 625.13 109 107 99 798 290447 2 15015089 381480 1.7 59 34 5 27 3%   0 347320 26049 100%
c - 626.68 111 102 99 799 290447 2 15043338 380873 1.7 63 36 5 27 3%   0 347320 26049 100%
c - 627.79 112 101 99 800 290462 2 15071605 385751 1.7 60 34 5 27 3%   0 347320 26049 100%
c
c seconds      switched       rate             size/glue  tier1   binary          remaining
c          MB    reductions      conflicts           size   tier2    irredundant
c            level      restarts         redundant      glue   trail         variables
c
c u 629.39 114 100 99 800 290474 2 15097193 384006 1.8 59 33 5 27 3%   0 347320 26049 100%
c v 629.60 114 100 99 800 290474 2 15097193 378757 1.8 59 33 5 27 3%   0 347320 26049 100%
c w 630.09 119 100 99 800 290474 2 15097193 378530 1.8 59 33 5 27 3%   0 347320 26049 100%
c - 630.32 92 100 99 801 290475 2 15099890 365108 1.8 59 33 5 26 3%   0 347320 26049 100%
c - 631.74 97 102 99 802 290478 2 15128191 368062 1.7 63 37 5 26 3%   0 347320 26049 100%
c - 632.91 99 102 99 803 290493 2 15156513 372273 1.7 61 36 5 26 3%   0 347320 26049 100%
c - 633.95 101 104 99 804 290507 2 15184850 380493 1.7 58 34 5 26 3%   0 347320 26049 100%
c - 635.17 102 103 99 805 290510 2 15213204 382439 1.7 59 34 5 26 3%   0 347320 26049 100%
c B 635.73 103 102 99 805 290510 2 15223196 392361 1.8 62 35 5 26 3%   0 347320 26049 100%
c ] 636.22 103 104 100 805 290510 2 15233668 402628 1.7 64 37 5 26 3%   0 347320 26049 100%
c { 636.22 103 175 100 805 290510 18 15233668 402628 1.4 9 7 5 10 3%   0 347320 26049 100%
c - 636.55 106 180 100 806 291024 19 15241576 381406 1.4 9 7 5 10 3%   0 347320 26049 100%
c - 637.51 108 196 100 807 292599 22 15269968 384632 1.3 9 7 5 10 3%   0 347320 26049 100%
c - 638.45 109 208 100 808 294068 24 15298375 387282 1.3 9 7 5 10 3%   0 347320 26049 100%
c - 639.41 110 216 100 809 295375 24 15326800 388163 1.3 10 7 5 10 3%   0 347320 26049 100%
c o 640.21 111 222 100 809 296540 25 15352720 413950 1.3 10 7 5 10 3%   0 347320 26049 100%
c - 640.34 111 223 100 810 296655 25 15355243 388186 1.3 10 7 5 10 3%   0 347320 26049 100%
c - 641.30 111 227 100 811 297868 25 15383703 388243 1.3 10 7 5 10 4%   0 347320 26049 100%
c - 642.27 112 230 100 812 299103 26 15412181 388082 1.3 10 7 5 10 4%   0 347320 26049 100%
c - 643.27 112 232 100 813 300277 26 15440676 388008 1.3 10 7 5 10 4%   0 347320 26049 100%
c
c seconds      switched         rate             size/glue tier1   binary          remaining
c          MB     reductions       conflicts           size  tier2    irredundant
c            level       restarts          redundant     glue   trail         variables
c
c - 644.25 113 233 100 814 301346 26 15469191 387966 1.3 10 8 5 10 4%   0 347320 26049 100%
c - 645.20 113 235 100 815 302428 25 15497721 387677 1.3 10 8 5 10 4%   0 347320 26049 100%
c u 646.53 115 236 100 815 302982 25 15513746 369328 1.4 10 8 5 10 4%   0 347320 26049 100%
c v 646.95 115 236 100 815 302982 25 15513746 353199 1.4 10 8 5 10 4%   0 347320 26049 100%
c w 647.32 115 236 100 815 302982 25 15513746 350684 1.4 10 8 5 10 4%   0 347320 26049 100%
c - 647.82 100 236 100 816 303404 25 15526269 340913 1.4 10 8 5 10 4%   0 347320 26049 100%
c - 648.69 102 237 100 817 304472 25 15554834 347972 1.4 10 8 5 10 4%   0 347320 26049 100%
c - 649.57 103 236 100 818 305486 25 15583417 353005 1.4 10 8 5 10 4%   0 347320 26049 100%
c - 650.40 104 237 100 819 306500 25 15612017 354227 1.4 10 8 5 10 4%   0 347320 26049 100%
c - 651.25 105 238 100 820 307508 25 15640635 354685 1.4 10 8 5 10 4%   0 347320 26049 100%
c - 652.09 105 238 100 821 308560 25 15669272 354778 1.4 10 8 5 10 4%   0 347320 26049 100%
c - 652.94 106 238 100 822 309599 25 15697926 354695 1.4 10 8 5 10 4%   0 347320 26049 100%
c } 653.73 106 238 101 822 310539 24 15725366 382036 1.4 10 8 5 10 4%   0 347320 26049 100%
c [ 653.73 106 104 101 822 310539 2 15725366 382036 1.7 64 37 5 26 3%   0 347320 26049 100%
c W 659.03 91 104 101 822 310539 2 15725366 382036 1.7 64 37 5 26 3%   0 347320 26049 100%
c - 659.10 92 105 101 823 310540 2 15726596 354199 1.7 63 37 5 26 3%   0 347320 26049 100%
c - 659.99 95 111 101 824 310553 2 15755284 354600 1.7 62 35 5 26 3%   0 347320 26049 100%
c - 660.94 96 113 101 825 310568 2 15783990 356280 1.7 61 35 5 26 3%   0 347320 26049 100%
c - 662.37 98 113 101 826 310574 2 15812714 355337 1.7 65 39 5 26 3%   0 347320 26049 100%
c - 663.38 99 112 101 827 310586 2 15841458 357993 1.7 63 37 5 26 3%   0 347320 26049 100%
c
c seconds      switched        rate             size/glue  tier1   binary          remaining
c          MB     reductions      conflicts           size   tier2    irredundant
c            level       restarts         redundant      glue   trail         variables
c
c - 664.51 100 114 101 828 310599 2 15870215 363078 1.7 63 36 5 26 3%   0 347320 26049 100%
c - 665.86 101 107 101 829 310601 2 15898989 364548 1.7 63 37 5 26 3%   0 347320 26049 100%
c - 667.65 104 102 101 830 310606 2 15927782 362300 1.7 69 40 5 26 3%   0 347320 26049 100%
c o 668.18 104 100 101 830 310611 2 15936398 370825 1.7 70 40 5 26 3%   0 347320 26049 100%
c u 668.94 108 100 101 830 310611 2 15936485 330877 1.7 70 40 5 26 3%   0 347320 26049 100%
c v 669.06 109 100 101 830 310611 2 15936485 327715 1.7 70 40 5 26 3%   0 347320 26049 100%
c w 669.68 113 100 101 830 310611 2 15936485 327440 1.7 70 40 5 26 3%   0 347320 26049 100%
c - 670.60 95 103 101 831 310618 2 15956594 323823 1.7 68 39 5 26 3%   0 347320 26049 100%
c - 671.70 97 106 101 832 310631 2 15985421 332558 1.7 66 38 5 26 3%   0 347320 26049 100%
c - 673.09 99 106 101 833 310639 2 16014266 336163 1.7 67 39 5 26 3%   0 347320 26049 100%
c - 674.27 100 105 101 834 310653 2 16043127 339034 1.7 64 37 5 26 3%   0 347320 26049 100%
c - 675.48 101 106 101 835 310663 2 16072008 341447 1.7 64 37 5 26 3%   0 347320 26049 100%
c - 677.31 103 102 101 836 310664 2 16100905 338700 1.7 69 41 5 26 3%   0 347320 26049 100%
c ] 678.26 104 100 102 836 310664 2 16116398 353767 1.7 71 42 5 26 3%   0 347320 26049 100%
c { 678.26 104 238 102 836 310664 24 16116398 353767 1.4 10 8 5 10 4%   0 347320 26049 100%
c - 678.64 106 231 102 837 310883 23 16129818 340395 1.4 10 8 5 10 4%   0 347320 26049 100%
c - 679.43 108 217 102 838 311314 22 16158748 349478 1.4 10 7 5 10 4%   0 347320 26049 100%
c - 680.19 109 206 102 839 311783 21 16187696 356447 1.4 10 7 5 10 3%   0 347320 26049 100%
c - 680.97 109 198 102 840 312288 20 16216664 361900 1.4 10 7 5 10 3%   0 347320 26049 100%
c - 681.74 110 192 102 841 312806 19 16245646 366889 1.4 10 7 5 10 3%   0 347320 26049 100%
c
c seconds      switched         rate             size/glue tier1   binary          remaining
c          MB     reductions       conflicts           size  tier2    irredundant
c            level       restarts          redundant     glue   trail         variables
c
c - 682.51 111 188 102 842 313345 19 16274648 371727 1.4 10 7 5 10 3%   0 347320 26049 100%
c - 683.28 111 184 102 843 313899 18 16303665 376482 1.4 10 7 5 10 3%   0 347320 26049 100%
c - 684.08 112 181 102 844 314510 18 16332699 381379 1.4 9 7 5 10 3%   0 347320 26049 100%
c - 684.87 112 180 102 845 315082 18 16361750 386066 1.4 9 7 5 10 3%   0 347320 26049 100%
c u 685.67 114 180 102 845 315162 18 16365407 347371 1.4 9 7 5 10 3%   0 347320 26049 100%
c v 685.96 114 180 102 845 315162 18 16365407 333417 1.4 9 7 5 10 3%   0 347320 26049 100%
c w 686.18 114 180 102 845 315162 18 16365407 331426 1.4 9 7 5 10 3%   0 347320 26049 100%
c - 686.96 100 178 102 846 315686 18 16390818 349105 1.4 9 7 5 10 3%   0 347320 26049 100%
c - 687.75 102 177 102 847 316314 18 16419904 366957 1.4 9 7 5 10 3%   0 347320 26049 100%
c - 688.57 103 177 102 848 316918 18 16449007 373484 1.4 9 7 5 10 3%   0 347320 26049 100%
c - 689.38 104 176 102 849 317518 18 16478129 376468 1.4 9 7 5 10 3%   0 347320 26049 100%
c o 689.90 104 176 102 849 317967 18 16496561 394878 1.4 9 7 5 10 3%   0 347320 26049 100%
c - 690.20 105 175 102 850 318179 18 16507266 378677 1.4 9 7 5 10 3%   0 347320 26049 100%
c - 691.00 105 175 102 851 318785 18 16536420 380654 1.4 9 7 5 10 3%   0 347320 26049 100%
c - 691.84 106 175 102 852 319443 18 16565591 382610 1.4 9 7 5 10 3%   0 347320 26049 100%
c - 692.64 106 174 102 853 320065 18 16594780 384574 1.4 9 7 5 10 3%   0 347320 26049 100%
c - 693.47 107 174 102 854 320738 18 16623987 386912 1.4 9 7 5 10 3%   0 347320 26049 100%
c } 693.53 107 174 103 854 320785 18 16626250 389171 1.4 9 7 5 10 3%   0 347320 26049 100%
c [ 693.53 107 100 103 854 320785 2 16626250 389171 1.7 71 42 5 26 3%   0 347320 26049 100%
c I 693.53 107 100 103 854 320785 2 16626250 389171 1.7 71 42 5 26 3%   0 347320 26049 100%
c
c seconds      switched        rate             size/glue  tier1   binary          remaining
c          MB     reductions      conflicts           size   tier2    irredundant
c            level       restarts         redundant      glue   trail         variables
c
c - 694.35 107 106 103 855 320799 2 16653211 390340 1.7 66 39 5 26 3%   0 347320 26049 100%
c - 695.34 108 109 103 856 320813 2 16682451 393031 1.7 63 37 5 26 3%   0 347320 26049 100%
c - 696.87 111 109 103 857 320818 2 16711709 391130 1.7 69 41 5 26 3%   0 347320 26049 100%
c - 697.94 112 110 103 858 320831 2 16740983 392531 1.7 66 39 5 26 3%   0 347320 26049 100%
c - 698.93 112 109 103 859 320845 2 16770275 398722 1.7 62 37 5 26 3%   0 347320 26049 100%
c - 700.49 113 106 103 860 320847 2 16799584 398677 1.7 66 39 5 26 3%   0 347320 26049 100%
c u 701.31 115 106 103 860 320847 2 16800541 367763 1.7 66 40 5 26 3%   0 347320 26049 100%
c v 701.43 115 106 103 860 320847 2 16800541 364355 1.7 66 40 5 26 3%   0 347320 26049 100%
c w 701.78 116 106 103 860 320847 2 16800541 361448 1.7 66 40 5 26 3%   0 347320 26049 100%
c - 703.39 97 105 103 861 320852 2 16828909 363611 1.7 68 41 5 26 3%   0 347320 26049 100%
c - 704.37 100 103 103 862 320865 2 16858253 371185 1.7 65 38 5 26 3%   0 347320 26049 100%
c - 705.39 101 103 103 863 320877 2 16887612 378208 1.7 62 36 5 26 3%   0 347320 26049 100%
c - 706.95 103 99 103 864 320885 2 16916989 377687 1.7 65 38 5 26 3%   0 347320 26049 100%
c - 708.26 104 101 103 865 320900 2 16946383 377181 1.7 65 38 5 26 3%   0 347320 26049 100%
c - 709.27 105 103 103 866 320909 2 16975794 381654 1.7 62 36 5 26 3%   0 347320 26049 100%
c - 710.70 107 103 103 867 320910 2 17005223 383500 1.7 66 38 5 26 3%   0 347320 26049 100%
c ] 712.04 108 103 104 867 320911 2 17028059 406010 1.7 70 41 5 26 3%   0 347320 26049 100%
c { 712.04 108 174 104 867 320911 18 17028059 406010 1.4 9 7 5 10 3%   0 347320 26049 100%
c - 712.30 110 179 104 868 321316 19 17034668 378108 1.4 9 7 5 10 3%   0 347320 26049 100%
c - 713.37 113 196 104 869 322989 22 17064130 380442 1.3 9 7 5 10 3%   0 347320 26049 100%
c
c seconds      switched         rate             size/glue tier1  binary          remaining
c          MB     reductions       conflicts          size  tier2    irredundant
c            level       restarts          redundant    glue   trail         variables
c
c o 713.47 113 198 104 869 323145 22 17066597 382903 1.3 9 7 5 10 3%   0 347320 26049 100%
c - 714.40 114 209 104 870 324452 24 17093608 384122 1.3 9 7 5 10 3%   0 347320 26049 100%
c - 715.36 115 216 104 871 325818 24 17123103 385423 1.3 10 7 5 10 3%   0 347320 26049 100%
c - 716.38 116 223 104 872 327128 25 17152615 386238 1.3 10 7 5 10 3%   0 347320 26049 100%
c - 717.35 116 227 104 873 328373 25 17182146 386607 1.3 10 7 5 10 4%   0 347320 26049 100%
c - 718.28 117 231 104 874 329552 25 17211692 387175 1.3 10 7 5 10 4%   0 347320 26049 100%
c - 719.26 104 234 104 875 330684 25 17241255 387594 1.3 10 7 5 10 4%   0 347320 26049 100%
c u 720.08 108 234 104 875 330707 25 17241884 341814 1.3 10 7 5 10 4%   0 347320 26049 100%
c v 720.38 108 234 104 875 330707 25 17241884 328623 1.3 10 7 5 10 4%   0 347320 26049 100%
c w 720.67 108 234 104 875 330707 25 17241884 326165 1.3 10 7 5 10 4%   0 347320 26049 100%
c - 721.59 108 235 104 876 331773 25 17270835 336976 1.3 10 7 5 10 4%   0 347320 26049 100%
c - 722.49 109 236 104 877 332896 25 17300432 348168 1.3 10 8 5 10 4%   0 347320 26049 100%
c - 723.43 109 237 104 878 333987 25 17330046 353633 1.3 10 8 5 10 4%   0 347320 26049 100%
c - 724.38 109 238 104 879 335040 25 17359677 357747 1.4 10 8 5 10 4%   0 347320 26049 100%
c - 725.31 110 237 104 880 336080 25 17389324 360930 1.4 10 8 5 10 4%   0 347320 26049 100%
c - 726.28 110 238 104 881 337069 24 17418988 364437 1.4 10 8 5 10 4%   0 347320 26049 100%
c - 727.27 110 238 104 882 338163 24 17448669 368016 1.4 10 8 5 10 4%   0 347320 26049 100%
c - 728.27 110 238 104 883 339229 24 17478368 371302 1.4 10 8 5 10 4%   0 347320 26049 100%
c - 729.26 111 238 104 884 340247 24 17508083 374517 1.4 10 8 5 10 4%   0 347320 26049 100%
c - 730.25 111 239 104 885 341247 24 17537815 378011 1.4 10 8 5 10 4%   0 347320 26049 100%
c
c seconds      switched         rate             size/glue tier1   binary          remaining
c          MB     reductions       conflicts           size  tier2    irredundant
c            level       restarts          redundant     glue   trail         variables
c
c } 730.81 111 238 105 885 341896 24 17556355 396497 1.4 10 8 5 10 4%   0 347320 26049 100%
c [ 730.81 111 103 105 885 341896 2 17556355 396497 1.7 70 41 5 26 3%   0 347320 26049 100%
c B 730.81 111 103 105 885 341896 2 17556355 396497 1.7 70 41 5 26 3%   0 347320 26049 100%
c - 731.21 111 106 105 886 341902 2 17567563 386022 1.7 69 40 5 26 3%   0 347320 26049 100%
c - 732.36 112 109 105 887 341916 2 17597328 388171 1.7 68 40 5 26 3%   0 347320 26049 100%
c - 733.48 113 111 105 888 341926 2 17627111 391978 1.7 66 39 5 26 3%   0 347320 26049 100%
c o 734.42 114 111 105 888 341935 2 17651631 416338 1.7 65 38 5 26 3%   0 347320 26049 100%
c - 734.62 114 112 105 889 341939 2 17656910 396947 1.7 63 37 5 26 3%   0 347320 26049 100%
c - 735.82 115 110 105 890 341951 2 17686726 400180 1.7 63 37 5 26 3%   0 347320 26049 100%
c u 736.60 117 110 105 890 341953 2 17689464 370709 1.7 62 36 5 26 3%   0 347320 26049 100%
c v 736.74 117 110 105 890 341953 2 17689464 366039 1.7 62 36 5 26 3%   0 347320 26049 100%
c w 737.18 117 110 105 890 341953 2 17689464 362484 1.7 62 36 5 26 3%   0 347320 26049 100%
c - 738.44 95 109 105 891 341957 2 17716558 368561 1.7 65 38 5 26 3%   0 347320 26049 100%
c - 740.25 97 107 105 892 341958 2 17746407 369317 1.7 72 42 5 26 3%   0 347320 26049 100%
c - 741.44 100 108 105 893 341972 2 17776275 372784 1.7 69 40 5 26 3%   0 347320 26049 100%
c - 742.72 103 110 105 894 341986 2 17806158 377357 1.7 69 40 5 26 3%   0 347320 26049 100%
c - 744.00 104 112 105 895 341991 2 17836057 378328 1.7 70 41 5 26 3%   0 347320 26049 100%
c - 745.13 105 113 105 896 342004 2 17865973 379757 1.7 69 40 5 26 3%   0 347320 26049 100%
c - 746.16 106 113 105 897 342019 2 17895909 383496 1.7 64 37 5 26 3%   0 347320 26049 100%
c - 747.88 108 108 105 898 342021 2 17925858 382271 1.7 67 39 5 26 3%   0 347320 26049 100%
c
c seconds      switched        rate             size/glue  tier1   binary          remaining
c          MB     reductions      conflicts           size   tier2    irredundant
c            level       restarts         redundant      glue   trail         variables
c
c - 749.87 110 106 105 899 342022 2 17955824 373956 1.7 72 43 5 26 3%   0 347320 26049 100%
c W 757.43 93 105 105 899 342022 2 17970397 388326 1.6 75 46 5 26 3%   0 347320 26049 100%
c ] 758.10 96 111 106 899 342022 2 17984841 402615 1.6 76 46 5 26 3%   0 347320 26049 100%
c { 758.10 96 238 106 899 342022 24 17984841 402615 1.4 10 8 5 10 4%   0 347320 26049 100%
c - 758.18 98 238 106 900 342066 24 17985809 361006 1.4 10 8 5 10 4%   0 347320 26049 100%
c - 759.09 104 237 106 901 343113 24 18015810 365185 1.4 10 8 5 10 4%   0 347320 26049 100%
c - 760.01 106 238 106 902 344122 24 18045828 369201 1.4 10 8 5 10 4%   0 347320 26049 100%
c - 760.95 107 238 106 903 345190 24 18075861 370763 1.4 10 8 5 10 4%   0 347320 26049 100%
c - 761.86 108 238 106 904 346176 24 18105910 371774 1.4 10 8 5 10 4%   0 347320 26049 100%
c - 762.77 109 238 106 905 347177 24 18135976 372475 1.4 10 8 5 10 4%   0 347320 26049 100%
c u 763.79 111 238 106 905 347413 24 18143281 330452 1.4 10 8 5 10 4%   0 347320 26049 100%
c v 764.18 111 238 106 905 347413 24 18143281 315646 1.4 10 8 5 10 4%   0 347320 26049 100%
c w 764.60 111 238 106 905 347413 24 18143281 312947 1.4 10 8 5 10 4%   0 347320 26049 100%
c - 765.40 111 239 106 906 348241 24 18166059 314087 1.4 10 8 5 10 4%   0 347320 26049 100%
c - 766.34 111 239 106 907 349270 24 18196158 323067 1.4 10 8 5 10 4%   0 347320 26049 100%
c - 767.28 111 239 106 908 350297 24 18226274 327960 1.4 10 8 5 10 4%   0 347320 26049 100%
c o 767.75 111 238 106 908 350777 24 18241666 343285 1.4 10 8 5 10 4%   0 347320 26049 100%
c - 768.24 111 238 106 909 351272 24 18256409 330276 1.4 10 8 5 10 4%   0 347320 26049 100%
c - 769.20 112 238 106 910 352269 24 18286558 332231 1.4 10 8 5 10 4%   0 347320 26049 100%
c - 770.16 112 238 106 911 353300 24 18316724 334127 1.4 10 8 5 10 4%   0 347320 26049 100%
c
c seconds      switched         rate             size/glue tier1   binary          remaining
c          MB     reductions       conflicts           size  tier2    irredundant
c            level       restarts          redundant     glue   trail         variables
c
c - 771.11 112 238 106 912 354340 24 18346908 336017 1.4 11 8 5 10 4%   0 347320 26049 100%
c - 772.02 112 238 106 913 355383 24 18377108 337992 1.4 11 8 5 10 4%   0 347320 26049 100%
c - 772.96 112 238 106 914 356370 24 18407325 339773 1.4 10 8 5 10 4%   0 347320 26049 100%
c - 773.91 113 238 106 915 357401 24 18437557 341677 1.4 11 8 5 10 4%   0 347320 26049 100%
c - 774.93 113 238 106 916 358400 24 18467805 343730 1.4 11 8 5 10 4%   0 347320 26049 100%
c - 775.93 113 239 106 917 359406 24 18498070 348967 1.4 10 8 5 10 4%   0 347320 26049 100%
c - 776.91 113 238 106 918 360392 24 18528352 361657 1.4 10 8 5 10 4%   0 347320 26049 100%
c } 777.02 113 238 107 918 360500 24 18531867 365152 1.4 10 8 5 10 4%   0 347320 26049 100%
c [ 777.02 113 111 107 918 360500 2 18531867 365152 1.6 76 46 5 26 3%   0 347320 26049 100%
c O 777.02 113 111 107 918 360500 2 18531867 365152 1.6 76 46 5 26 3%   0 347320 26049 100%
c - 778.08 114 116 107 919 360514 2 18558650 364310 1.6 77 48 5 26 3%   0 347320 26049 100%
c - 779.38 115 117 107 920 360528 2 18588965 362943 1.6 77 47 5 26 3%   0 347320 26049 100%
c u 780.80 102 116 107 920 360530 2 18603362 336131 1.6 76 46 5 26 3%   0 347320 26049 100%
c v 780.95 102 116 107 920 360530 2 18603362 331253 1.6 76 46 5 26 3%   0 347320 26049 100%
c w 781.57 108 116 107 920 360530 2 18603362 330964 1.6 76 46 5 26 3%   0 347320 26049 100%
c - 782.35 108 116 107 921 360535 2 18619297 324870 1.6 75 46 5 26 3%   0 347320 26049 100%
c - 783.50 109 118 107 922 360548 2 18649644 332774 1.6 72 44 5 26 3%   0 347320 26049 100%
c - 784.66 110 117 107 923 360561 2 18680008 340925 1.7 69 42 5 26 3%   0 347320 26049 100%
c - 786.83 112 117 107 924 360562 2 18710388 338705 1.6 76 48 5 27 3%   0 347320 26049 100%
c - 788.22 113 115 107 925 360569 2 18740785 340556 1.6 74 46 5 27 3%   0 347320 26049 100%
c
c seconds      switched        rate             size/glue  tier1   binary          remaining
c          MB     reductions      conflicts           size   tier2    irredundant
c            level       restarts         redundant      glue   trail         variables
c
c - 789.27 114 113 107 926 360584 2 18771198 350805 1.6 69 42 5 26 3%   0 347320 26049 100%
c - 790.41 114 112 107 927 360593 2 18801628 357220 1.7 65 39 5 26 3%   0 347320 26049 100%
c - 791.64 116 112 107 928 360607 2 18832076 360991 1.7 63 38 5 26 3%   0 347320 26049 100%
c o 792.09 89 111 107 928 360609 2 18843313 372164 1.7 64 38 5 26 3%   0 347320 26049 100%
c - 792.80 95 111 107 929 360621 2 18862539 366628 1.7 61 36 5 26 3%   0 347320 26049 100%
c - 794.17 97 110 107 930 360625 2 18893019 369892 1.7 63 37 5 26 3%   0 347320 26049 100%
c - 795.98 99 105 107 931 360625 2 18923514 367518 1.7 67 40 5 26 3%   0 347320 26049 100%
c - 798.06 100 102 107 932 360626 2 18954028 358272 1.7 72 43 5 26 3%   0 347320 26049 100%
c ] 798.11 100 102 108 932 360626 2 18954734 358967 1.7 72 43 5 26 3%   0 347320 26049 100%
c { 798.11 100 238 108 932 360626 24 18954734 358967 1.4 10 8 5 10 4%   0 347320 26049 100%
c - 799.03 107 238 108 933 361640 24 18984557 366834 1.4 10 8 5 10 4%   0 347320 26049 100%
c - 800.02 109 238 108 934 362678 24 19015102 378569 1.4 10 8 5 10 4%   0 347320 26049 100%
c - 800.98 110 237 108 935 363708 24 19045663 386409 1.4 10 8 5 10 4%   0 347320 26049 100%
c u 802.61 113 238 108 935 364535 24 19069706 360388 1.4 11 8 5 10 4%   0 347320 26049 100%
c v 803.11 113 238 108 935 364535 24 19069706 341367 1.4 11 8 5 10 4%   0 347320 26049 100%
c w 803.67 113 238 108 935 364535 24 19069706 338085 1.4 11 8 5 10 4%   0 347320 26049 100%
c - 804.03 113 238 108 936 364758 24 19076240 335894 1.4 10 8 5 10 4%   0 347320 26049 100%
c - 804.96 113 237 108 937 365772 24 19106834 350439 1.4 10 8 5 10 4%   0 347320 26049 100%
c - 805.92 113 237 108 938 366830 24 19137444 359418 1.4 11 8 5 10 4%   0 347320 26049 100%
c - 806.83 114 237 108 939 367835 24 19168070 362221 1.4 10 8 5 10 4%   0 347320 26049 100%
c
c seconds      switched         rate             size/glue tier1   binary          remaining
c          MB     reductions       conflicts           size  tier2    irredundant
c            level       restarts          redundant     glue   trail         variables
c
c - 807.81 114 237 108 940 368857 24 19198713 363779 1.4 11 8 5 10 4%   0 347320 26049 100%
c - 808.75 114 237 108 941 369911 24 19229372 364619 1.4 11 8 5 10 4%   0 347320 26049 100%
c - 809.71 115 237 108 942 370946 24 19260047 365564 1.4 11 8 5 10 4%   0 347320 26049 100%
c - 810.64 115 237 108 943 371893 24 19290740 366577 1.4 11 8 5 10 4%   0 347320 26049 100%
c - 811.60 103 238 108 944 372955 24 19321450 367231 1.4 11 8 5 10 4%   0 347320 26049 100%
c - 812.57 104 238 108 945 374012 24 19352177 368305 1.4 11 8 5 10 4%   0 347320 26049 100%
c - 813.56 105 239 108 946 375015 24 19382917 368983 1.4 11 8 5 10 4%   0 347320 26049 100%
c - 814.54 106 238 108 947 376029 24 19413674 369856 1.4 11 8 5 10 4%   0 347320 26049 100%
c - 815.51 106 239 108 948 377033 24 19444447 370770 1.4 11 8 5 10 4%   0 347320 26049 100%
c o 815.80 107 238 108 948 377311 24 19453315 379615 1.4 11 8 5 10 4%   0 347320 26049 100%
c - 816.51 107 238 108 949 378105 24 19475236 371505 1.4 11 8 5 10 4%   0 347320 26049 100%
c - 817.49 108 238 108 950 379114 24 19506042 382385 1.4 11 8 5 10 4%   0 347320 26049 100%
c } 817.93 108 237 109 950 379603 24 19520774 397054 1.4 11 8 5 10 4%   0 347320 26049 100%
c [ 817.93 108 102 109 950 379603 2 19520774 397054 1.7 72 43 5 26 3%   0 347320 26049 100%
c B 817.93 108 102 109 950 379603 2 19520774 397054 1.7 72 43 5 26 3%   0 347320 26049 100%
c - 818.49 108 105 109 951 379612 2 19536866 391289 1.7 71 42 5 26 3%   0 347320 26049 100%
c u 819.50 104 105 109 951 379616 2 19542340 360809 1.7 70 42 5 26 3%   0 347320 26049 100%
c v 819.77 104 105 109 951 379616 2 19542340 349330 1.7 70 42 5 26 3%   0 347320 26049 100%
c w 820.20 105 105 109 951 379616 2 19542340 346223 1.7 70 42 5 26 3%   0 347320 26049 100%
c - 822.59 106 108 109 952 379626 2 19567704 352771 1.7 66 39 5 26 3%   0 347320 26049 100%
c
c seconds      switched        rate             size/glue  tier1   binary          remaining
c          MB     reductions      conflicts           size   tier2    irredundant
c            level       restarts         redundant      glue   trail         variables
c
c - 823.72 107 108 109 953 379633 2 19598559 362483 1.7 65 38 5 26 3%   0 347320 26049 100%
c - 824.90 108 107 109 954 379648 2 19629430 367267 1.7 64 37 5 26 3%   0 347320 26049 100%
c - 826.11 109 104 109 955 379663 2 19660316 373728 1.7 62 36 5 26 3%   0 347320 26049 100%
c - 827.56 110 102 109 956 379665 2 19691224 373842 1.7 65 38 5 26 3%   0 347320 26049 100%
c - 829.33 112 101 109 957 379669 2 19722143 369275 1.7 70 41 5 26 3%   0 347320 26049 100%
c - 830.57 113 102 109 958 379683 2 19753078 373261 1.7 67 40 5 26 3%   0 347320 26049 100%
c - 831.70 113 101 109 959 379696 2 19784029 381458 1.7 63 37 5 26 3%   0 347320 26049 100%
c - 833.08 114 99 109 960 379706 2 19814996 383826 1.7 62 36 5 26 3%   0 347320 26049 100%
c - 834.59 115 98 109 961 379720 2 19845980 385887 1.7 62 36 5 26 3%   0 347320 26049 100%
c - 836.20 116 99 109 962 379727 2 19876981 387576 1.7 65 38 5 26 3%   0 347320 26049 100%
c - 838.26 118 101 109 963 379728 2 19907998 385308 1.7 71 42 5 26 3%   0 347320 26049 100%
c ] 840.50 92 102 110 963 379729 2 19938924 415857 1.7 78 47 5 26 3%   0 347320 26049 100%
c { 840.50 92 237 110 963 379729 24 19938924 415857 1.4 11 8 5 10 4%   0 347320 26049 100%
c - 840.56 100 238 110 964 379748 24 19939030 371623 1.4 11 8 5 10 4%   0 347320 26049 100%
c - 841.52 107 238 110 965 380774 24 19970078 375856 1.4 11 8 5 10 4%   0 347320 26049 100%
c - 842.54 109 237 110 966 381819 24 20001145 382287 1.4 11 8 5 10 4%   0 347320 26049 100%
c u 844.04 112 238 110 966 382535 24 20021289 362643 1.4 11 8 5 10 4%   0 347320 26049 100%
c v 844.51 112 238 110 966 382535 24 20021289 344647 1.4 11 8 5 10 4%   0 347320 26049 100%
c w 844.86 112 238 110 966 382535 24 20021289 342926 1.4 11 8 5 10 4%   0 347320 26049 100%
c - 845.87 112 238 110 967 382891 24 20032226 335112 1.4 11 8 5 10 4%   0 347320 26049 100%
c
c seconds      switched         rate             size/glue tier1   binary          remaining
c          MB     reductions       conflicts           size  tier2    irredundant
c            level       restarts          redundant     glue   trail         variables
c
c - 846.86 112 238 110 968 383948 24 20063322 346868 1.4 11 8 5 10 4%   0 347320 26049 100%
c o 847.18 113 238 110 968 384292 24 20073406 356917 1.4 11 8 5 10 4%   0 347320 26049 100%
c - 847.84 113 238 110 969 384964 24 20094434 356042 1.4 11 8 5 10 4%   0 347320 26049 100%
c - 848.87 113 238 110 970 386014 24 20125562 361094 1.4 11 8 5 10 4%   0 347320 26049 100%
c - 849.87 114 238 110 971 387033 24 20156706 365265 1.4 11 8 5 10 4%   0 347320 26049 100%
c - 850.86 114 238 110 972 388058 24 20187866 369453 1.4 11 8 5 10 4%   0 347320 26049 100%
c - 851.79 114 237 110 973 389066 23 20219042 373552 1.4 11 8 5 10 4%   0 347320 26049 100%
c - 852.74 115 237 110 974 390085 23 20250234 377457 1.4 11 8 5 10 4%   0 347320 26049 100%
c - 853.73 115 237 110 975 391112 23 20281445 381041 1.4 11 8 5 10 4%   0 347320 26049 100%
c - 854.69 115 237 110 976 392166 23 20312669 385184 1.4 11 8 5 10 4%   0 347320 26049 100%
c - 855.70 115 237 110 977 393236 24 20343911 389332 1.4 11 8 5 10 4%   0 347320 26049 100%
c - 856.73 116 236 110 978 394247 23 20375169 393551 1.4 11 8 5 10 4%   0 347320 26049 100%
c - 857.76 116 236 110 979 395264 23 20406441 397782 1.4 11 8 5 10 4%   0 347320 26049 100%
c - 858.80 117 237 110 980 396351 24 20437729 401508 1.4 11 8 5 10 4%   0 347320 26049 100%
c - 859.85 117 236 110 981 397412 24 20469033 405573 1.4 11 8 5 10 4%   0 347320 26049 100%
c - 860.90 117 236 110 982 398456 24 20500353 414636 1.4 11 8 5 10 4%   0 347320 26049 100%
c u 861.87 119 236 110 982 398651 24 20506528 382754 1.4 11 8 5 10 4%   0 347320 26049 100%
c v 862.27 119 236 110 982 398651 24 20506528 367527 1.4 11 8 5 10 4%   0 347320 26049 100%
c w 862.67 119 236 110 982 398651 24 20506528 364644 1.4 11 8 5 10 4%   0 347320 26049 100%
c } 863.29 104 236 111 982 399193 23 20524262 382328 1.4 10 8 5 10 4%   0 347320 26049 100%
c
c seconds      switched        rate             size/glue  tier1   binary          remaining
c          MB     reductions      conflicts           size   tier2    irredundant
c            level       restarts         redundant      glue   trail         variables
c
c [ 863.29 104 102 111 982 399193 2 20524262 382328 1.7 78 47 5 26 3%   0 347320 26049 100%
c W 871.15 94 102 111 982 399193 2 20524262 382328 1.7 78 47 5 26 3%   0 347320 26049 100%
c - 871.43 97 106 111 983 399198 2 20531690 379338 1.7 76 46 5 26 3%   0 347320 26049 100%
c - 872.54 99 113 111 984 399212 2 20563042 391996 1.7 73 44 5 26 3%   0 347320 26049 100%
c - 873.68 101 114 111 985 399223 2 20594411 398022 1.7 69 41 5 26 3%   0 347320 26049 100%
c - 875.39 103 110 111 986 399236 2 20625796 396842 1.7 72 43 5 26 3%   0 347320 26049 100%
c - 877.50 104 107 111 987 399250 2 20657196 393693 1.7 77 46 5 26 3%   0 347320 26049 100%
c - 879.56 105 104 111 988 399255 2 20688612 394156 1.7 80 47 5 26 3%   0 347320 26049 100%
c - 881.54 107 102 111 989 399255 2 20720047 394281 1.7 81 48 5 26 3%   0 347320 26049 100%
c o 881.65 107 102 111 989 399257 2 20721982 396208 1.7 80 48 5 26 3%   0 347320 26049 100%
c - 882.71 108 105 111 990 399270 2 20751495 398220 1.7 73 43 5 26 3%   0 347320 26049 100%
c - 883.99 110 103 111 991 399285 2 20782964 404691 1.7 69 41 5 26 3%   0 347320 26049 100%
c - 885.62 112 101 111 992 399293 2 20814444 403844 1.7 69 41 5 26 3%   0 347320 26049 100%
c - 886.79 112 102 111 993 399308 2 20845940 408880 1.7 64 38 5 26 3%   0 347320 26049 100%
c - 888.15 114 102 111 994 399317 2 20877453 413143 1.7 64 39 5 26 3%   0 347320 26049 100%
c - 890.04 116 100 111 995 399318 2 20908981 407576 1.6 70 43 5 26 3%   0 347320 26049 100%
c ] 891.50 116 99 112 995 399319 2 20932393 430705 1.6 74 45 5 26 3%   0 347320 26049 100%
c { 891.50 116 236 112 995 399319 23 20932393 430705 1.4 10 8 5 10 4%   0 347320 26049 100%
c - 891.82 119 236 112 996 399572 23 20940524 397304 1.4 10 8 5 10 4%   0 347320 26049 100%
c - 892.83 121 236 112 997 400583 23 20972083 402444 1.4 10 8 5 10 4%   0 347320 26049 100%
c
c seconds      switched         rate             size/glue tier1   binary          remaining
c          MB     reductions       conflicts           size  tier2    irredundant
c            level       restarts          redundant     glue   trail         variables
c
c u 894.65 111 237 112 997 401479 24 20998083 372693 1.4 10 8 5 10 4%   0 347320 26049 100%
c v 895.05 111 237 112 997 401479 24 20998083 357144 1.4 10 8 5 10 4%   0 347320 26049 100%
c w 895.58 112 237 112 997 401479 24 20998083 353119 1.4 10 8 5 10 4%   0 347320 26049 100%
c - 895.86 112 237 112 998 401630 24 21003658 337018 1.4 10 8 5 10 4%   0 347320 26049 100%
c - 896.80 112 238 112 999 402764 24 21035249 347206 1.4 11 8 5 10 4%   0 347320 26049 100%
c - 897.79 112 238 112 1000 403861 24 21066855 356788 1.4 11 8 5 10 4%   0 347320 26049 100%
c - 898.75 113 237 112 1001 404882 24 21098477 360775 1.4 10 8 5 10 4%   0 347320 26049 100%
c - 899.74 113 237 112 1002 405869 23 21130116 362957 1.4 10 8 5 10 4%   0 347320 26049 100%
c - 900.71 113 237 112 1003 406927 23 21161772 364928 1.4 10 8 5 10 4%   0 347320 26049 100%
c - 901.70 114 237 112 1004 407943 23 21193442 366918 1.4 11 8 5 10 4%   0 347320 26049 100%
c - 902.70 114 238 112 1005 409011 24 21225127 368980 1.4 11 8 5 10 4%   0 347320 26049 100%
c - 903.69 114 238 112 1006 410055 24 21256828 370968 1.4 11 8 5 10 4%   0 347320 26049 100%
c - 904.70 115 237 112 1007 411057 23 21288545 373219 1.4 11 8 5 10 4%   0 347320 26049 100%
c - 905.71 115 237 112 1008 412114 24 21320279 375338 1.4 10 8 5 10 4%   0 347320 26049 100%
c - 906.76 115 237 112 1009 413227 24 21352028 377224 1.4 11 8 5 10 4%   0 347320 26049 100%
c o 907.09 115 237 112 1009 413538 24 21362061 387219 1.4 11 8 5 10 4%   0 347320 26049 100%
c - 907.84 115 237 112 1010 414269 24 21383794 379362 1.4 11 8 5 10 4%   0 347320 26049 100%
c - 908.88 115 236 112 1011 415236 23 21415574 381341 1.4 10 8 5 10 4%   0 347320 26049 100%
c - 909.98 116 236 112 1012 416328 24 21447371 383585 1.4 11 8 5 10 4%   0 347320 26049 100%
c - 911.02 116 236 112 1013 417325 23 21479182 385707 1.4 10 8 5 10 4%   0 347320 26049 100%
c
c seconds      switched          rate             size/glue tier1   binary          remaining
c          MB      reductions       conflicts           size  tier2    irredundant
c            level        restarts          redundant     glue   trail         variables
c
c u 912.65 118 236 112 1013 417852 23 21495979 357073 1.4 10 8 5 10 4%   0 347320 26049 100%
c v 913.19 118 236 112 1013 417852 23 21495979 339283 1.4 10 8 5 10 4%   0 347320 26049 100%
c w 913.78 118 236 112 1013 417852 23 21495979 336651 1.4 10 8 5 10 4%   0 347320 26049 100%
c - 914.41 102 236 112 1014 418335 23 21511009 341128 1.4 10 8 5 10 4%   0 347320 26049 100%
c } 915.27 105 237 113 1014 419241 24 21537310 367325 1.4 10 8 5 10 4%   0 347320 26049 100%
c [ 915.27 105 99 113 1014 419241 2 21537310 367325 1.6 74 45 5 26 3%   0 347320 26049 100%
c I 915.27 105 99 113 1014 419241 2 21537310 367325 1.6 74 45 5 26 3%   0 347320 26049 100%
c - 915.51 105 102 113 1015 419245 2 21542852 362488 1.6 74 46 5 26 3%   0 347320 26049 100%
c - 916.67 106 106 113 1016 419259 2 21574712 372513 1.6 71 44 5 26 3%   0 347320 26049 100%
c - 917.74 106 108 113 1017 419271 2 21606587 380905 1.6 65 40 5 26 3%   0 347320 26049 100%
c - 919.31 108 105 113 1018 419284 2 21638480 386828 1.7 65 38 5 26 3%   0 347320 26049 100%
c - 920.98 110 107 113 1019 419298 2 21670387 390978 1.7 64 38 5 26 3%   0 347320 26049 100%
c - 922.81 112 112 113 1020 419303 2 21702310 391468 1.6 70 43 5 26 3%   0 347320 26049 100%
c - 924.77 114 114 113 1021 419304 2 21734248 387222 1.6 76 48 5 26 3%   0 347320 26049 100%
c - 925.96 114 114 113 1022 419318 2 21766204 393635 1.6 72 44 5 26 3%   0 347320 26049 100%
c - 927.25 115 113 113 1023 419333 2 21798172 402722 1.6 69 42 5 26 3%   0 347320 26049 100%
c - 928.64 116 112 113 1024 419343 2 21830156 405830 1.7 67 40 5 26 3%   0 347320 26049 100%
c - 929.93 117 111 113 1025 419358 2 21862156 411577 1.7 64 38 5 26 3%   0 347320 26049 100%
c - 931.42 118 108 113 1026 419365 2 21894171 415668 1.7 64 39 5 26 3%   0 347320 26049 100%
c - 933.58 120 104 113 1027 419366 2 21926203 412079 1.7 70 42 5 26 3%   0 347320 26049 100%
c
c seconds      switched         rate             size/glue  tier1   binary          remaining
c          MB      reductions      conflicts           size   tier2    irredundant
c            level        restarts         redundant      glue   trail         variables
c
c - 936.13 122 102 113 1028 419367 2 21958250 405182 1.7 78 46 5 26 3%   0 347320 26049 100%
c ] 938.09 93 100 114 1028 419367 2 21984016 430598 1.7 82 48 5 26 3%   0 347320 26049 100%
c { 938.09 93 237 114 1028 419367 24 21984016 430598 1.4 10 8 5 10 4%   0 347320 26049 100%
c - 938.36 107 233 114 1029 419488 23 21990312 401942 1.4 10 8 5 10 4%   0 347320 26049 100%
c u 939.77 113 228 114 1029 419644 22 22000217 360018 1.4 10 8 5 10 4%   0 347320 26049 100%
c v 939.90 113 228 114 1029 419644 22 22000217 354944 1.4 10 8 5 10 4%   0 347320 26049 100%
c w 940.19 113 228 114 1029 419644 22 22000217 352027 1.4 10 8 5 10 4%   0 347320 26049 100%
c o 940.64 114 222 114 1029 419832 22 22012373 364167 1.4 10 8 5 10 4%   0 347320 26049 100%
c - 940.97 114 217 114 1030 419969 21 22022390 353236 1.4 10 7 5 10 4%   0 347320 26049 100%
c - 941.91 115 205 114 1031 420473 20 22054483 362118 1.4 10 7 5 10 3%   0 347320 26049 100%
c - 942.86 115 197 114 1032 421041 19 22086592 368077 1.4 10 7 5 10 3%   0 347320 26049 100%
c - 943.90 116 190 114 1033 421623 19 22118716 371562 1.4 10 7 5 10 3%   0 347320 26049 100%
c - 944.88 116 186 114 1034 422223 18 22150856 374397 1.4 10 7 5 10 3%   0 347320 26049 100%
c - 945.86 117 182 114 1035 422832 18 22183011 377028 1.4 10 7 5 10 3%   0 347320 26049 100%
c - 946.87 117 180 114 1036 423484 18 22215184 379753 1.4 9 7 5 10 3%   0 347320 26049 100%
c - 947.88 117 178 114 1037 424206 18 22247370 382581 1.4 9 7 5 10 3%   0 347320 26049 100%
c - 948.86 118 177 114 1038 424855 18 22279572 385304 1.4 9 7 5 10 3%   0 347320 26049 100%
c - 949.84 118 176 114 1039 425551 18 22311790 387844 1.4 9 7 5 10 3%   0 347320 26049 100%
c - 950.80 118 175 114 1040 426262 18 22344025 390510 1.4 9 7 5 10 3%   0 347320 26049 100%
c - 951.77 119 175 114 1041 426945 18 22376275 393267 1.4 9 7 5 10 3%   0 347320 26049 100%
c
c seconds      switched          rate             size/glue tier1  binary          remaining
c          MB      reductions       conflicts          size  tier2    irredundant
c            level        restarts          redundant    glue   trail         variables
c
c - 952.73 119 174 114 1042 427671 18 22408539 396105 1.4 9 7 5 10 3%   0 347320 26049 100%
c - 953.69 119 174 114 1043 428360 18 22440820 398974 1.4 9 7 5 10 3%   0 347320 26049 100%
c - 954.69 120 173 114 1044 429095 18 22473115 402041 1.4 9 7 5 10 3%   0 347320 26049 100%
c - 955.69 120 173 114 1045 429886 18 22505426 404792 1.4 9 7 5 10 3%   0 347320 26049 100%
c u 956.71 122 174 114 1045 430018 18 22510823 370378 1.4 9 7 5 10 3%   0 347320 26049 100%
c v 957.11 122 174 114 1045 430018 18 22510823 354452 1.4 9 7 5 10 3%   0 347320 26049 100%
c w 957.44 122 174 114 1045 430018 18 22510823 352335 1.4 9 7 5 10 3%   0 347320 26049 100%
c - 958.32 106 173 114 1046 430604 18 22537752 359291 1.4 9 7 5 10 3%   0 347320 26049 100%
c - 959.24 108 174 114 1047 431297 18 22570093 382534 1.4 9 7 5 10 3%   0 347320 26049 100%
c - 960.23 109 173 114 1048 432010 18 22602450 402728 1.4 9 7 5 10 3%   0 347320 26049 100%
c } 960.42 109 173 115 1048 432180 18 22608793 409065 1.4 9 7 5 10 3%   0 347320 26049 100%
c [ 960.42 109 100 115 1048 432180 2 22608793 409065 1.7 82 48 5 26 3%   0 347320 26049 100%
c B 960.42 109 100 115 1048 432180 2 22608793 409065 1.7 82 48 5 26 3%   0 347320 26049 100%
c - 961.31 110 105 115 1049 432194 2 22634824 411960 1.7 77 46 5 26 3%   0 347320 26049 100%
c - 962.42 111 109 115 1050 432209 2 22667212 417678 1.7 72 42 5 26 3%   0 347320 26049 100%
c o 964.09 113 104 115 1050 432216 2 22696894 446651 1.7 74 43 5 26 3%   0 347320 26049 100%
c - 964.21 113 104 115 1051 432217 2 22699615 419190 1.7 74 43 5 26 3%   0 347320 26049 100%
c - 965.28 114 109 115 1052 432232 2 22732034 424689 1.7 69 40 5 26 3%   0 347320 26049 100%
c - 966.34 115 109 115 1053 432241 2 22764468 432456 1.7 65 38 5 26 3%   0 347320 26049 100%
c - 967.94 116 104 115 1054 432242 2 22796917 433308 1.8 69 39 5 26 3%   0 347320 26049 100%
c
c seconds      switched         rate             size/glue  tier1   binary          remaining
c          MB      reductions      conflicts           size   tier2    irredundant
c            level        restarts         redundant      glue   trail         variables
c
c - 969.62 118 102 115 1055 432256 2 22829382 432812 1.8 70 40 5 26 3%   0 347320 26049 100%
c - 970.83 119 103 115 1056 432271 2 22861863 438793 1.7 65 37 5 26 3%   0 347320 26049 100%
c - 972.25 120 99 115 1057 432279 2 22894359 443112 1.7 64 37 5 26 3%   0 347320 26049 100%
c - 973.66 121 98 115 1058 432294 2 22926870 447476 1.7 64 36 5 26 3%   0 347320 26049 100%
c - 975.03 122 99 115 1059 432304 2 22959399 453245 1.7 63 36 5 26 3%   0 347320 26049 100%
c - 976.73 122 98 115 1060 432305 2 22991941 452418 1.7 66 38 5 26 3%   0 347320 26049 100%
c - 978.85 124 98 115 1061 432306 2 23024499 437360 1.7 71 41 5 26 3%   0 347320 26049 100%
c u 980.11 108 98 115 1061 432306 2 23027798 388211 1.7 71 42 5 26 3%   0 347320 26049 100%
c v 980.21 108 98 115 1061 432306 2 23027798 385325 1.7 71 42 5 26 3%   0 347320 26049 100%
c w 980.87 111 98 115 1061 432306 2 23027798 380731 1.7 71 42 5 26 3%   0 347320 26049 100%
c - 982.78 113 96 115 1062 432306 2 23057071 368371 1.7 74 43 5 26 3%   0 347320 26049 100%
c ] 983.83 113 95 116 1062 432312 2 23075738 386763 1.7 73 43 5 26 3%   0 347320 26049 100%
c { 983.83 113 173 116 1062 432312 18 23075738 386763 1.4 9 7 5 10 3%   0 347320 26049 100%
c - 984.42 114 183 116 1063 433222 20 23089659 367279 1.4 9 7 5 10 3%   0 347320 26049 100%
c - 985.62 116 200 116 1064 435072 23 23122262 375530 1.3 9 7 5 10 3%   0 347320 26049 100%
c - 986.80 117 213 116 1065 436734 24 23154881 381363 1.3 10 7 5 10 3%   0 347320 26049 100%
c - 987.92 118 221 116 1066 438259 25 23187515 385685 1.3 10 7 5 10 3%   0 347320 26049 100%
c - 989.11 119 227 116 1067 439678 26 23220164 389450 1.3 10 7 5 10 4%   0 347320 26049 100%
c - 990.35 119 230 116 1068 440984 26 23252829 393647 1.3 10 7 5 10 4%   0 347320 26049 100%
c - 991.62 120 232 116 1069 442311 26 23285509 397584 1.3 10 7 5 10 4%   0 347320 26049 100%
c
c seconds      switched          rate             size/glue tier1   binary          remaining
c          MB      reductions       conflicts           size  tier2    irredundant
c            level        restarts          redundant     glue   trail         variables
c
c - 992.68 120 234 116 1070 443581 25 23318204 401303 1.3 10 8 5 10 4%   0 347320 26049 100%
c - 993.78 121 236 116 1071 444781 25 23350914 405237 1.3 10 8 5 10 4%   0 347320 26049 100%
c o 994.33 121 236 116 1071 445372 25 23366985 421254 1.3 10 8 5 10 4%   0 347320 26049 100%
c - 994.93 121 236 116 1072 445970 25 23383640 409077 1.3 10 8 5 10 4%   0 347320 26049 100%
c - 996.12 121 237 116 1073 447096 25 23416383 412165 1.3 10 8 5 10 4%   0 347320 26049 100%
c - 997.21 122 236 116 1074 448251 25 23449139 415858 1.4 10 8 5 10 4%   0 347320 26049 100%
c - 998.31 122 236 116 1075 449380 24 23481910 419807 1.4 10 8 5 10 4%   0 347320 26049 100%
c - 999.46 122 237 116 1076 450526 24 23514697 423919 1.4 10 8 5 10 4%   0 347320 26049 100%
c - 1000.63 110 236 116 1077 451669 24 23547499 424877 1.4 10 8 5 10 4%   0 347320 26049 100%
c u 1001.66 114 236 116 1077 451786 24 23551142 381657 1.4 10 8 5 10 4%   0 347320 26049 100%
c v 1002.13 115 236 116 1077 451786 24 23551142 366494 1.4 10 8 5 10 4%   0 347320 26049 100%
c w 1002.54 115 236 116 1077 451786 24 23551142 363682 1.4 10 8 5 10 4%   0 347320 26049 100%
c - 1003.57 115 237 116 1078 452774 24 23580316 370626 1.4 10 8 5 10 4%   0 347320 26049 100%
c - 1004.66 115 238 116 1079 453952 24 23613148 379249 1.4 10 8 5 10 4%   0 347320 26049 100%
c - 1005.73 116 237 116 1080 454974 24 23645996 390991 1.4 10 8 5 10 4%   0 347320 26049 100%
c - 1006.81 116 237 116 1081 456056 24 23678859 404584 1.4 10 8 5 10 4%   0 347320 26049 100%
c - 1007.91 116 237 116 1082 457160 24 23711738 420537 1.4 10 8 5 10 4%   0 347320 26049 100%
c } 1008.18 117 236 117 1082 457480 24 23720652 429421 1.4 10 8 5 10 4%   0 347320 26049 100%
c [ 1008.18 117 95 117 1082 457480 2 23720652 429421 1.7 73 43 5 26 3%   0 347320 26049 100%
c W 1017.88 97 95 117 1082 457480 2 23720652 429421 1.7 73 43 5 26 3%   0 347320 26049 100%
c
c  seconds      switched         rate             size/glue  tier1   binary          remaining
c           MB      reductions      conflicts           size   tier2    irredundant
c             level        restarts         redundant      glue   trail         variables
c
c - 1018.65 101 104 117 1083 457493 2 23744632 429879 1.7 68 40 5 26 3%   0 347320 26049 100%
c - 1019.74 103 112 117 1084 457508 2 23777540 435513 1.7 64 37 5 26 3%   0 347320 26049 100%
c - 1021.30 106 112 117 1085 457516 2 23810465 436685 1.7 66 39 5 26 3%   0 347320 26049 100%
c - 1022.70 107 116 117 1086 457531 2 23843404 438894 1.7 66 39 5 26 3%   0 347320 26049 100%
c - 1024.01 108 114 117 1087 457541 2 23876358 443325 1.7 65 38 5 26 3%   0 347320 26049 100%
c - 1025.90 110 112 117 1088 457542 2 23909328 443003 1.7 69 41 5 26 3%   0 347320 26049 100%
c - 1027.36 112 111 117 1089 457557 2 23942312 445380 1.7 67 39 5 26 3%   0 347320 26049 100%
c - 1028.61 113 112 117 1090 457572 2 23975313 453626 1.7 63 37 5 26 3%   0 347320 26049 100%
c - 1030.11 114 109 117 1091 457580 2 24008328 457150 1.7 64 37 5 26 3%   0 347320 26049 100%
c - 1031.51 115 109 117 1092 457595 2 24041359 462248 1.8 61 35 5 26 3%   0 347320 26049 100%
c o 1031.98 115 110 117 1092 457602 2 24052581 473430 1.7 60 34 5 26 3%   0 347320 26049 100%
c - 1032.98 116 110 117 1093 457604 2 24074405 468306 1.8 61 35 5 26 3%   0 347320 26049 100%
c u 1034.26 120 109 117 1093 457604 2 24080880 437329 1.8 62 35 5 26 3%   0 347320 26049 100%
c v 1034.46 120 109 117 1093 457604 2 24080880 431783 1.8 62 35 5 26 3%   0 347320 26049 100%
c w 1035.14 123 109 117 1093 457604 2 24080880 430127 1.8 62 35 5 26 3%   0 347320 26049 100%
c - 1036.76 104 111 117 1094 457605 2 24107465 421405 1.8 66 38 5 26 3%   0 347320 26049 100%
c - 1039.14 107 110 117 1095 457606 2 24140540 408112 1.7 72 42 5 26 3%   0 347320 26049 100%
c - 1041.86 109 110 117 1096 457606 2 24173631 391175 1.7 79 46 5 26 3%   0 347320 26049 100%
c - 1043.46 111 112 117 1097 457621 2 24206736 382171 1.7 75 43 5 26 3%   0 347320 26049 100%
c O 1043.61 111 112 117 1097 457621 2 24210021 385405 1.7 75 43 5 26 3%   0 347320 26049 100%
c
c  seconds      switched         rate             size/glue  tier1   binary          remaining
c           MB      reductions      conflicts           size   tier2    irredundant
c             level        restarts         redundant      glue   trail         variables
c
c ] 1044.10 111 113 118 1097 457628 2 24223843 399101 1.7 74 43 5 26 3%   0 347320 26049 100%
c { 1044.10 111 236 118 1097 457628 24 24223843 399101 1.4 10 8 5 10 4%   0 347320 26049 100%
c - 1044.62 114 227 118 1098 457865 23 24239857 380301 1.4 10 8 5 10 4%   0 347320 26049 100%
c - 1045.71 116 212 118 1099 458385 21 24272993 381756 1.4 10 7 5 10 3%   0 347320 26049 100%
c - 1046.71 117 200 118 1100 458947 20 24306144 384835 1.4 10 7 5 10 3%   0 347320 26049 100%
c - 1047.88 118 193 118 1101 459566 19 24339310 387662 1.4 10 7 5 10 3%   0 347320 26049 100%
c - 1049.06 119 188 118 1102 460198 19 24372491 390431 1.4 10 7 5 10 3%   0 347320 26049 100%
c - 1050.27 119 184 118 1103 460836 18 24405687 393096 1.4 10 7 5 10 3%   0 347320 26049 100%
c - 1051.40 120 181 118 1104 461538 18 24438898 395767 1.4 9 7 5 10 3%   0 347320 26049 100%
c - 1052.44 120 179 118 1105 462228 18 24472125 398891 1.4 9 7 5 10 3%   0 347320 26049 100%
c - 1053.47 121 177 118 1106 462867 18 24505366 401788 1.4 9 7 5 10 3%   0 347320 26049 100%
c - 1054.49 121 175 118 1107 463487 18 24538622 404664 1.4 9 7 5 10 3%   0 347320 26049 100%
c - 1055.57 122 175 118 1108 464176 18 24571895 407400 1.4 9 7 5 10 3%   0 347320 26049 100%
c - 1056.64 122 174 118 1109 464938 18 24605181 409841 1.4 9 7 5 10 3%   0 347320 26049 100%
c u 1058.13 124 174 118 1109 465186 18 24617039 369003 1.4 9 7 5 10 3%   0 347320 26049 100%
c v 1058.62 124 174 118 1109 465186 18 24617039 351269 1.4 9 7 5 10 3%   0 347320 26049 100%
c w 1058.99 124 174 118 1109 465186 18 24617039 348838 1.4 9 7 5 10 3%   0 347320 26049 100%
c - 1059.71 106 174 118 1110 465673 18 24638483 353922 1.4 9 7 5 10 3%   0 347320 26049 100%
c - 1060.70 108 174 118 1111 466405 18 24671799 370856 1.4 9 7 5 10 3%   0 347320 26049 100%
c - 1061.72 109 174 118 1112 467166 18 24705130 383380 1.4 9 7 5 10 3%   0 347320 26049 100%
c
c  seconds      switched          rate             size/glue tier1  binary          remaining
c           MB      reductions       conflicts          size  tier2    irredundant
c             level        restarts          redundant    glue   trail         variables
c
c - 1062.70 110 173 118 1113 467863 18 24738476 392645 1.4 9 7 5 10 3%   0 347320 26049 100%
c o 1062.85 110 173 118 1113 467935 18 24742776 396941 1.4 9 7 5 10 3%   0 347320 26049 100%
c - 1063.72 111 173 118 1114 468578 18 24771837 406717 1.4 9 7 5 10 3%   0 347320 26049 100%
c - 1064.76 112 173 118 1115 469371 18 24805213 424512 1.4 9 7 5 10 3%   0 347320 26049 100%
c - 1065.82 113 173 118 1116 470135 18 24838604 443740 1.4 9 7 5 10 3%   0 347320 26049 100%
c - 1066.88 114 173 118 1117 470899 18 24872011 462701 1.4 9 7 5 10 3%   0 347320 26049 100%
c } 1067.42 114 173 119 1117 471302 18 24889171 479848 1.4 9 7 5 10 3%   0 347320 26049 100%
c [ 1067.42 114 113 119 1117 471302 2 24889171 479848 1.7 74 43 5 26 3%   0 347320 26049 100%
c B 1067.42 114 113 119 1117 471302 2 24889171 479848 1.7 74 43 5 26 3%   0 347320 26049 100%
c - 1068.00 115 117 119 1118 471311 2 24905432 475958 1.7 72 42 5 26 3%   0 347320 26049 100%
c - 1069.09 115 120 119 1119 471327 2 24938870 484304 1.7 67 39 5 26 3%   0 347320 26049 100%
c - 1070.44 116 118 119 1120 471334 2 24972321 488740 1.7 66 39 5 26 3%   0 347320 26049 100%
c - 1071.58 117 115 119 1121 471349 2 25005788 494772 1.7 62 36 5 26 3%   0 347320 26049 100%
c - 1072.78 118 112 119 1122 471363 2 25039271 502609 1.7 59 35 5 26 3%   0 347320 26049 100%
c - 1074.55 121 109 119 1123 471364 2 25072768 501466 1.7 66 38 5 26 3%   0 347320 26049 100%
c - 1076.13 122 107 119 1124 471377 2 25106281 503332 1.7 64 37 5 26 3%   0 347320 26049 100%
c - 1077.39 123 107 119 1125 471393 2 25139807 512502 1.7 60 34 5 26 3%   0 347320 26049 100%
c u 1079.22 127 105 119 1125 471395 2 25159619 498837 1.7 60 34 5 26 3%   0 347320 26049 100%
c v 1079.50 127 105 119 1125 471395 2 25159619 492084 1.7 60 34 5 26 3%   0 347320 26049 100%
c w 1080.11 133 105 119 1125 471395 2 25159619 491779 1.7 60 34 5 26 3%   0 347320 26049 100%
c
c  seconds      switched         rate             size/glue  tier1   binary          remaining
c           MB      reductions      conflicts           size   tier2    irredundant
c             level        restarts         redundant      glue   trail         variables
c
c - 1080.85 108 103 119 1126 471400 2 25173350 482114 1.7 59 34 5 26 3%   0 347320 26049 100%
c - 1082.02 112 105 119 1127 471416 2 25206905 491949 1.7 56 32 5 26 3%   0 347320 26049 100%
c - 1083.21 113 105 119 1128 471426 2 25240475 494120 1.7 57 33 5 26 3%   0 347320 26049 100%
c - 1085.09 115 102 119 1129 471427 2 25274061 483792 1.7 63 36 5 26 3%   0 347320 26049 100%
c - 1087.42 117 99 119 1130 471428 2 25307661 465237 1.7 68 40 5 26 3%   0 347320 26049 100%
c - 1089.73 119 96 119 1131 471428 2 25341276 446981 1.7 73 43 5 26 3%   0 347320 26049 100%
c - 1091.72 120 96 119 1132 471443 2 25374906 432334 1.7 73 42 5 26 3%   0 347320 26049 100%
c ] 1092.38 121 96 120 1132 471450 2 25392592 449857 1.8 70 40 5 26 3%   0 347320 26049 100%
c { 1092.38 121 173 120 1132 471450 18 25392592 449857 1.4 9 7 5 10 3%   0 347320 26049 100%
c - 1093.22 123 183 120 1133 472486 20 25408551 428667 1.4 9 7 5 10 3%   0 347320 26049 100%
c - 1094.44 125 200 120 1134 474237 23 25442212 429757 1.3 9 7 5 10 3%   0 347320 26049 100%
c o 1094.48 125 201 120 1134 474260 23 25442828 430373 1.3 9 7 5 10 3%   0 347320 26049 100%
c - 1095.64 126 212 120 1135 475918 24 25475886 430400 1.3 10 7 5 10 3%   0 347320 26049 100%
c - 1096.87 113 220 120 1136 477424 25 25509575 430440 1.3 10 7 5 10 3%   0 347320 26049 100%
c - 1098.11 114 225 120 1137 478846 25 25543279 430359 1.3 10 7 5 10 3%   0 347320 26049 100%
c - 1099.34 115 229 120 1138 480218 25 25576999 430045 1.3 10 7 5 10 4%   0 347320 26049 100%
c - 1100.56 116 232 120 1139 481509 25 25610734 429822 1.3 10 7 5 10 4%   0 347320 26049 100%
c - 1101.80 117 234 120 1140 482770 25 25644483 429486 1.3 10 8 5 10 4%   0 347320 26049 100%
c - 1102.98 117 235 120 1141 484007 25 25678246 429246 1.4 10 8 5 10 4%   0 347320 26049 100%
c u 1105.25 121 235 120 1141 485214 25 25708621 407418 1.4 10 8 5 10 4%   0 347320 26049 100%
c
c  seconds      switched          rate             size/glue tier1   binary          remaining
c           MB      reductions       conflicts           size  tier2    irredundant
c             level        restarts          redundant     glue   trail         variables
c
c v 1105.95 121 235 120 1141 485214 25 25708621 385744 1.4 10 8 5 10 4%   0 347320 26049 100%
c w 1106.67 121 235 120 1141 485214 25 25708621 382374 1.4 10 8 5 10 4%   0 347320 26049 100%
c - 1106.88 121 235 120 1142 485315 25 25712025 359975 1.4 10 8 5 10 4%   0 347320 26049 100%
c - 1108.01 110 237 120 1143 486540 25 25745818 368541 1.4 10 8 5 10 4%   0 347320 26049 100%
c - 1109.12 112 237 120 1144 487816 25 25779626 376577 1.4 10 8 5 10 4%   0 347320 26049 100%
c - 1110.21 113 237 120 1145 488925 24 25813450 378718 1.4 10 8 5 10 4%   0 347320 26049 100%
c - 1111.32 113 237 120 1146 489971 24 25847287 379944 1.4 10 8 5 10 4%   0 347320 26049 100%
c - 1112.48 114 237 120 1147 491172 24 25881139 380549 1.4 10 8 5 10 4%   0 347320 26049 100%
c - 1113.63 115 237 120 1148 492297 24 25915006 381025 1.4 10 8 5 10 4%   0 347320 26049 100%
c - 1114.72 115 237 120 1149 493457 24 25948888 387069 1.4 10 8 5 10 4%   0 347320 26049 100%
c - 1115.84 116 237 120 1150 494628 24 25982786 400063 1.4 10 8 5 10 4%   0 347320 26049 100%
c - 1116.97 116 238 120 1151 495779 24 26016698 416199 1.4 10 8 5 10 4%   0 347320 26049 100%
c - 1118.14 117 237 120 1152 496934 24 26050624 431823 1.4 10 8 5 10 4%   0 347320 26049 100%
c } 1119.08 117 237 121 1152 497874 24 26078610 459722 1.4 10 8 5 10 4%   0 347320 26049 100%
c [ 1119.08 117 96 121 1152 497874 2 26078610 459722 1.8 70 40 5 26 3%   0 347320 26049 100%
c W 1128.72 100 96 121 1152 497874 2 26078610 459722 1.8 70 40 5 26 3%   0 347320 26049 100%
c - 1128.94 103 100 121 1153 497878 2 26084566 446516 1.7 70 40 5 26 3%   0 347320 26049 100%
c - 1130.14 105 110 121 1154 497894 2 26118522 452812 1.7 68 39 5 26 3%   0 347320 26049 100%
c - 1131.54 107 117 121 1155 497904 2 26152492 453788 1.7 70 41 5 26 3%   0 347320 26049 100%
c o 1132.16 108 118 121 1155 497908 2 26164662 465840 1.7 71 43 5 26 3%   0 347320 26049 100%
c
c  seconds      switched         rate             size/glue  tier1   binary          remaining
c           MB      reductions      conflicts           size   tier2    irredundant
c             level        restarts         redundant      glue   trail         variables
c
c - 1132.91 109 123 121 1156 497919 2 26186477 456549 1.7 68 40 5 26 3%   0 347320 26049 100%
c - 1134.13 111 126 121 1157 497934 2 26220477 461970 1.7 65 39 5 26 3%   0 347320 26049 100%
c - 1135.75 112 124 121 1158 497936 2 26254492 461204 1.7 69 41 5 26 3%   0 347320 26049 100%
c u 1137.25 119 123 121 1158 497936 2 26264043 423874 1.7 70 43 5 26 3%   0 347320 26049 100%
c v 1137.42 120 123 121 1158 497936 2 26264043 418943 1.7 70 43 5 26 3%   0 347320 26049 100%
c w 1138.19 125 123 121 1158 497936 2 26264043 418659 1.7 70 43 5 26 3%   0 347320 26049 100%
c - 1139.67 104 118 121 1159 497944 2 26288521 411069 1.7 73 44 5 26 3%   0 347320 26049 100%
c - 1141.65 109 116 121 1160 497961 2 26322565 415341 1.7 74 44 5 26 3%   0 347320 26049 100%
c - 1143.40 111 113 121 1161 497967 2 26356624 423447 1.7 72 43 5 26 3%   0 347320 26049 100%
c - 1144.74 112 112 121 1162 497983 2 26390697 432003 1.7 67 39 5 26 3%   0 347320 26049 100%
c - 1146.19 114 114 121 1163 497998 2 26424787 438893 1.7 65 38 5 26 3%   0 347320 26049 100%
c - 1148.35 115 109 121 1164 497999 2 26458891 431612 1.7 71 41 5 26 3%   0 347320 26049 100%
c - 1150.54 117 103 121 1165 498000 2 26493008 417358 1.7 74 42 5 26 3%   0 347320 26049 100%
c - 1153.14 119 99 121 1166 498000 2 26527141 405007 1.8 78 44 5 26 3%   0 347320 26049 100%
c - 1155.00 120 99 121 1167 498014 2 26561288 397406 1.8 75 42 5 26 3%   0 347320 26049 100%
c - 1156.49 121 103 121 1168 498030 2 26595449 395785 1.8 69 39 5 26 3%   0 347320 26049 100%
c I 1156.75 121 103 121 1168 498030 2 26601621 401885 1.8 69 39 5 26 3%   0 347320 26049 100%
c ] 1156.81 121 103 122 1168 498030 2 26603073 403331 1.8 69 39 5 26 3%   0 347320 26049 100%
c { 1156.81 121 237 122 1168 498030 24 26603073 403331 1.4 10 8 5 10 4%   0 347320 26049 100%
c - 1157.74 124 237 122 1169 499001 24 26629625 398361 1.4 10 8 5 10 4%   0 347320 26049 100%
c
c  seconds      switched          rate             size/glue tier1   binary          remaining
c           MB      reductions       conflicts           size  tier2    irredundant
c             level        restarts          redundant     glue   trail         variables
c
c - 1158.87 112 237 122 1170 500189 24 26663815 403506 1.4 11 8 5 10 4%   0 347320 26049 100%
c - 1160.10 113 236 122 1171 501308 24 26698020 409478 1.4 11 8 5 10 4%   0 347320 26049 100%
c - 1161.24 114 236 122 1172 502485 24 26732239 415303 1.4 11 8 5 10 4%   0 347320 26049 100%
c - 1162.40 115 237 122 1173 503588 24 26766473 420866 1.4 11 8 5 10 4%   0 347320 26049 100%
c - 1163.60 116 236 122 1174 504754 24 26800722 422310 1.4 11 8 5 10 4%   0 347320 26049 100%
c u 1165.61 113 236 122 1174 505607 24 26825940 388890 1.4 11 8 5 10 4%   0 347320 26049 100%
c v 1166.16 114 236 122 1174 505607 24 26825940 368416 1.4 11 8 5 10 4%   0 347320 26049 100%
c w 1166.81 114 236 122 1174 505607 24 26825940 364550 1.4 11 8 5 10 4%   0 347320 26049 100%
c - 1169.59 114 236 122 1175 505909 24 26834985 351250 1.4 11 8 5 10 4%   0 347320 26049 100%
c - 1170.65 115 237 122 1176 507019 24 26869263 361895 1.4 11 8 5 10 4%   0 347320 26049 100%
c o 1171.11 116 237 122 1176 507509 24 26884668 377251 1.4 11 8 5 10 4%   0 347320 26049 100%
c - 1171.69 116 237 122 1177 508096 23 26903556 370550 1.4 11 8 5 10 4%   0 347320 26049 100%
c - 1172.79 117 237 122 1178 509181 23 26937864 373481 1.4 10 8 5 10 4%   0 347320 26049 100%
c - 1173.98 117 238 122 1179 510357 24 26972186 375094 1.4 10 8 5 10 4%   0 347320 26049 100%
c - 1175.10 118 238 122 1180 511505 24 27006522 376383 1.4 11 8 5 10 4%   0 347320 26049 100%
c - 1176.22 119 238 122 1181 512699 24 27040874 377697 1.4 11 8 5 10 4%   0 347320 26049 100%
c - 1177.41 119 238 122 1182 513908 24 27075239 379000 1.4 11 8 5 10 4%   0 347320 26049 100%
c - 1178.52 119 238 122 1183 515016 24 27109620 380419 1.4 10 8 5 10 4%   0 347320 26049 100%
c - 1179.60 119 238 122 1184 516154 24 27144014 383654 1.4 11 8 5 10 4%   0 347320 26049 100%
c - 1180.69 120 237 122 1185 517327 24 27178423 396685 1.4 11 8 5 10 4%   0 347320 26049 100%
c
c  seconds      switched          rate             size/glue tier1   binary          remaining
c           MB      reductions       conflicts           size  tier2    irredundant
c             level        restarts          redundant     glue   trail         variables
c
c - 1181.81 120 237 122 1186 518448 24 27212846 412878 1.4 10 8 5 10 4%   0 347320 26049 100%
c - 1182.97 120 237 122 1187 519546 24 27247284 429223 1.4 10 8 5 10 4%   0 347320 26049 100%
c - 1184.22 121 238 122 1188 520689 24 27281736 445900 1.4 10 8 5 10 4%   0 347320 26049 100%
c } 1185.20 121 238 123 1188 521630 24 27310053 474121 1.4 10 8 5 10 4%   0 347320 26049 100%
c [ 1185.20 121 103 123 1188 521630 2 27310053 474121 1.8 69 39 5 26 3%   0 347320 26049 100%
c B 1185.20 121 103 123 1188 521630 2 27310053 474121 1.8 69 39 5 26 3%   0 347320 26049 100%
c - 1185.45 121 104 123 1189 521635 2 27316203 461907 1.8 68 39 5 26 3%   0 347320 26049 100%
c - 1186.61 122 107 123 1190 521650 2 27350684 469346 1.7 65 37 5 26 3%   0 347320 26049 100%
c - 1188.14 123 108 123 1191 521660 2 27385183 469507 1.7 68 40 5 26 3%   0 347320 26049 100%
c caught signal 15 (SIGTERM)
c
c ---- [ profiling ] ---------------------------------------------------------
c
c        1001.11   84.22 %  search
c         519.85   43.73 %  stable
c         481.26   40.48 %  focused
c         187.13   15.74 %  simplify
c         117.58    9.89 %  probe
c          94.40    7.94 %  vivify
c          68.63    5.77 %  walking
c          36.07    3.03 %  reduce
c          10.82    0.91 %  substitute
c           8.89    0.75 %  sweep
c           1.75    0.15 %  congruence
c           1.38    0.12 %  eliminate
c           1.07    0.09 %  transitive
c           0.46    0.04 %  preprocess
c           0.35    0.03 %  backbone
c           0.30    0.03 %  factor
c           0.08    0.01 %  subsume
c           0.04    0.00 %  parse
c           0.01    0.00 %  lucky
c =============================================
c        1188.75  100.00 %  total
c
c ---- [ statistics ] --------------------------------------------------------
c
c chronological:                       105351                0 %  conflicts
c conflicts:                         27394285            23044.57 per second
c decisions:                        388596676               14.19 per conflict
c propagations:                    4391690152          3694369    per second
c reductions:                            1191            23001    interval
c reordered:                               73           375264    interval
c rephased:                                76           360451    interval
c restarts:                            521663               53    interval
c switched:                               123           222718    interval
c vivified:                           3506329               62 %  checks
c walks:                                   25          1095771    interval
c
c ---- [ glue usage ] --------------------------------------------------------
c
c focused glue 5   used 1122253 clauses 25.88% accumulated 64.44% tier1
c focused glue 6   used  444354 clauses 10.25% accumulated 74.68%
c focused glue 7-8 used  505984 clauses 11.67% accumulated 86.35%
c focused glue 9   used  115003 clauses  2.65% accumulated 89.00%
c focused glue 10  used   69301 clauses  1.60% accumulated 90.60% tier2
c
c stable glue 5    used 10934871 clauses 12.13% accumulated 59.01% tier1
c stable glue 6    used  6202350 clauses  6.88% accumulated 65.89%
c stable glue 7-24 used 21222406 clauses 23.54% accumulated 89.43%
c stable glue 25   used   310641 clauses  0.34% accumulated 89.77%
c stable glue 26   used   289498 clauses  0.32% accumulated 90.09% tier2
c
c ---- [ resources ] ---------------------------------------------------------
c
c maximum-resident-set-size:        139583488 bytes        133 MB
c process-time:                        19m 49s            1188.75 seconds
c raising signal 15 (SIGTERM)
