{"omega": 6, "n": 23, "m": 190, "ratio": 0.9891251507712567, "l1": 17.492686344307973, "l2": 2.6886593072680958, "omega_verified": true, "seed": 915255299, "edges": [[0, 1], [0, 2], [0, 3], [0, 4], [0, 5], [0, 6], [0, 7], [0, 9], [0, 11], [0, 12], [0, 13], [0, 14], [0, 15], [0, 16], [0, 18], [0, 20], [0, 21], [1, 2], [1, 3], [1, 4], [1, 5], [1, 6], [1, 7], [1, 8], [1, 9], [1, 12], [1, 13], [1, 14], [1, 16], [1, 18], [1, 19], [1, 20], [1, 21], [1, 22], [2, 3], [2, 4], [2, 5], [2, 6], [2, 7], [2, 8], [2, 11], [2, 12], [2, 13], [2, 14], [2, 15], [2, 16], [2, 18], [2, 19], [2, 20], [2, 22], [3, 4], [3, 5], [3, 6], [3, 7], [3, 8], [3, 9], [3, 11], [3, 12], [3, 13], [3, 14], [3, 15], [3, 19], [3, 20], [3, 21], [3, 22], [4, 5], [4, 6], [4, 8], [4, 9], [4, 11], [4, 12], [4, 14], [4, 15], [4, 16], [4, 18], [4, 19], [4, 21], [4, 22], [5, 7], [5, 8], [5, 9], [5, 11], [5, 13], [5, 15], [5, 16], [5, 18], [5, 19], [5, 20], [5, 21], [5, 22], [6, 7], [6, 8], [6, 9], [6, 11], [6, 13], [6, 15], [6, 16], [6, 18], [6, 19], [6, 20], [6, 21], [6, 22], [7, 8], [7, 9], [7, 11], [7, 12], [7, 14], [7, 15], [7, 16], [7, 18], [7, 19], [7, 21], [7, 22], [8, 9], [8, 10], [8, 11], [8, 12], [8, 13], [8, 14], [8, 15], [8, 16], [8, 17], [8, 18], [8, 20], [8, 21], [9, 11], [9, 12], [9, 13], [9, 14], [9, 15], [9, 16], [9, 18], [9, 19], [9, 20], [9, 22], [10, 14], [10, 17], [10, 18], [11, 12], [11, 13], [11, 14], [11, 16], [11, 18], [11, 19], [11, 20], [11, 21], [11, 22], [12, 13], [12, 15], [12, 16], [12, 18], [12, 19], [12, 20], [12, 21], [12, 22], [13, 14], [13, 15], [13, 16], [13, 18], [13, 19], [13, 21], [13, 22], [14, 15], [14, 16], [14, 17], [14, 18], [14, 19], [14, 20], [14, 21], [14, 22], [15, 16], [15, 18], [15, 19], [15, 20], [15, 21], [15, 22], [16, 19], [16, 20], [16, 21], [16, 22], [17, 18], [18, 19], [18, 20], [18, 21], [18, 22], [19, 20], [19, 21], [20, 21], [20, 22], [21, 22]]}