{"omega": 4, "n": 22, "m": 141, "ratio": 0.9968828759878022, "l1": 14.232354001147822, "l2": 2.877642760564928, "omega_verified": true, "seed": 926619125, "edges": [[0, 1], [0, 2], [0, 3], [0, 4], [0, 7], [0, 8], [0, 10], [0, 14], [0, 16], [0, 17], [0, 18], [0, 19], [0, 20], [0, 21], [1, 2], [1, 3], [1, 4], [1, 5], [1, 6], [1, 7], [1, 9], [1, 13], [1, 14], [1, 16], [1, 18], [1, 19], [1, 21], [2, 3], [2, 4], [2, 5], [2, 6], [2, 7], [2, 8], [2, 9], [2, 10], [2, 13], [2, 16], [2, 17], [2, 20], [3, 5], [3, 6], [3, 8], [3, 9], [3, 10], [3, 13], [3, 14], [3, 17], [3, 18], [3, 19], [3, 20], [3, 21], [4, 5], [4, 6], [4, 8], [4, 9], [4, 10], [4, 13], [4, 14], [4, 17], [4, 18], [4, 19], [4, 20], [4, 21], [5, 7], [5, 8], [5, 10], [5, 14], [5, 16], [5, 17], [5, 18], [5, 19], [5, 20], [5, 21], [6, 7], [6, 8], [6, 10], [6, 14], [6, 16], [6, 17], [6, 18], [6, 19], [6, 20], [6, 21], [7, 8], [7, 9], [7, 10], [7, 13], [7, 14], [7, 17], [7, 18], [7, 19], [7, 20], [7, 21], [8, 9], [8, 13], [8, 14], [8, 16], [8, 18], [8, 19], [8, 21], [9, 10], [9, 14], [9, 16], [9, 17], [9, 18], [9, 19], [9, 20], [9, 21], [10, 13], [10, 14], [10, 16], [10, 18], [10, 19], [10, 21], [11, 12], [11, 15], [11, 20], [12, 15], [12, 20], [13, 14], [13, 16], [13, 17], [13, 18], [13, 19], [13, 20], [13, 21], [14, 16], [14, 17], [14, 20], [15, 20], [16, 17], [16, 18], [16, 19], [16, 20], [16, 21], [17, 18], [17, 19], [17, 21], [18, 20], [19, 20], [20, 21]]}