{"omega": 3, "n": 86, "m": 1250, "ratio": 0.9332076787492684, "l1": 29.675317232500596, "l2": 25.97540525957649, "omega_verified": true, "seed": 683134633, "edges": [[0, 1], [0, 2], [0, 4], [0, 5], [0, 7], [0, 8], [0, 10], [0, 11], [0, 13], [0, 14], [0, 16], [0, 17], [0, 19], [0, 20], [0, 22], [0, 23], [0, 25], [0, 26], [0, 28], [0, 29], [0, 32], [0, 34], [0, 35], [0, 37], [0, 38], [0, 40], [0, 41], [0, 43], [0, 44], [0, 55], [0, 63], [0, 67], [1, 2], [1, 3], [1, 5], [1, 6], [1, 8], [1, 9], [1, 11], [1, 12], [1, 14], [1, 15], [1, 17], [1, 18], [1, 20], [1, 21], [1, 23], [1, 24], [1, 26], [1, 27], [1, 29], [1, 30], [1, 32], [1, 33], [1, 35], [1, 36], [1, 38], [1, 39], [1, 41], [1, 42], [1, 44], [1, 56], [1, 71], [1, 75], [2, 3], [2, 4], [2, 6], [2, 7], [2, 9], [2, 10], [2, 12], [2, 13], [2, 15], [2, 16], [2, 18], [2, 21], [2, 22], [2, 24], [2, 25], [2, 27], [2, 28], [2, 30], [2, 31], [2, 33], [2, 34], [2, 36], [2, 37], [2, 39], [2, 40], [2, 42], [2, 43], [2, 71], [3, 4], [3, 5], [3, 7], [3, 8], [3, 10], [3, 11], [3, 13], [3, 14], [3, 16], [3, 17], [3, 19], [3, 20], [3, 22], [3, 23], [3, 25], [3, 26], [3, 28], [3, 29], [3, 31], [3, 32], [3, 34], [3, 35], [3, 37], [3, 38], [3, 40], [3, 41], [3, 43], [3, 44], [4, 5], [4, 6], [4, 8], [4, 9], [4, 11], [4, 12], [4, 14], [4, 15], [4, 17], [4, 18], [4, 20], [4, 23], [4, 24], [4, 26], [4, 27], [4, 29], [4, 30], [4, 32], [4, 33], [4, 35], [4, 36], [4, 38], [4, 39], [4, 41], [4, 42], [4, 44], [5, 6], [5, 7], [5, 9], [5, 10], [5, 12], [5, 13], [5, 15], [5, 16], [5, 18], [5, 19], [5, 21], [5, 22], [5, 24], [5, 25], [5, 27], [5, 28], [5, 30], [5, 31], [5, 33], [5, 34], [5, 36], [5, 37], [5, 39], [5, 40], [5, 42], [5, 43], [5, 46], [5, 72], [6, 7], [6, 8], [6, 10], [6, 11], [6, 13], [6, 14], [6, 16], [6, 17], [6, 19], [6, 20], [6, 22], [6, 23], [6, 25], [6, 26], [6, 28], [6, 29], [6, 31], [6, 32], [6, 34], [6, 35], [6, 37], [6, 38], [6, 40], [6, 41], [6, 43], [6, 44], [6, 78], [7, 8], [7, 9], [7, 11], [7, 12], [7, 14], [7, 15], [7, 17], [7, 20], [7, 21], [7, 23], [7, 24], [7, 26], [7, 27], [7, 29], [7, 30], [7, 32], [7, 33], [7, 35], [7, 36], [7, 38], [7, 39], [7, 41], [7, 42], [7, 44], [8, 9], [8, 10], [8, 13], [8, 15], [8, 16], [8, 18], [8, 19], [8, 21], [8, 22], [8, 24], [8, 25], [8, 27], [8, 28], [8, 30], [8, 31], [8, 33], [8, 36], [8, 37], [8, 39], [8, 40], [8, 42], [8, 43], [9, 10], [9, 11], [9, 13], [9, 14], [9, 16], [9, 17], [9, 19], [9, 22], [9, 23], [9, 25], [9, 26], [9, 28], [9, 29], [9, 31], [9, 32], [9, 34], [9, 35], [9, 37], [9, 38], [9, 40], [9, 41], [9, 43], [9, 44], [9, 66], [10, 11], [10, 12], [10, 14], [10, 15], [10, 17], [10, 18], [10, 20], [10, 21], [10, 23], [10, 24], [10, 26], [10, 27], [10, 29], [10, 30], [10, 32], [10, 33], [10, 35], [10, 36], [10, 38], [10, 39], [10, 41], [10, 42], [10, 44], [11, 12], [11, 13], [11, 15], [11, 16], [11, 18], [11, 19], [11, 21], [11, 22], [11, 24], [11, 25], [11, 27], [11, 28], [11, 30], [11, 31], [11, 33], [11, 34], [11, 36], [11, 37], [11, 39], [11, 40], [11, 42], [11, 43], [11, 61], [12, 13], [12, 14], [12, 16], [12, 17], [12, 19], [12, 20], [12, 22], [12, 23], [12, 25], [12, 26], [12, 28], [12, 29], [12, 31], [12, 32], [12, 34], [12, 35], [12, 37], [12, 38], [12, 40], [12, 41], [12, 43], [12, 44], [13, 14], [13, 15], [13, 17], [13, 18], [13, 20], [13, 21], [13, 23], [13, 24], [13, 26], [13, 27], [13, 29], [13, 30], [13, 32], [13, 33], [13, 35], [13, 36], [13, 38], [13, 39], [13, 41], [13, 42], [13, 44], [13, 55], [13, 73], [14, 15], [14, 16], [14, 18], [14, 19], [14, 21], [14, 22], [14, 24], [14, 25], [14, 27], [14, 28], [14, 30], [14, 31], [14, 33], [14, 34], [14, 36], [14, 37], [14, 39], [14, 40], [14, 42], [14, 43], [14, 52], [15, 16], [15, 17], [15, 19], [15, 20], [15, 22], [15, 23], [15, 25], [15, 26], [15, 28], [15, 29], [15, 31], [15, 32], [15, 34], [15, 35], [15, 38], [15, 40], [15, 41], [15, 43], [15, 44], [16, 17], [16, 18], [16, 20], [16, 21], [16, 24], [16, 26], [16, 27], [16, 29], [16, 30], [16, 32], [16, 33], [16, 35], [16, 36], [16, 38], [16, 41], [16, 42], [16, 44], [16, 75], [17, 18], [17, 19], [17, 21], [17, 22], [17, 24], [17, 25], [17, 27], [17, 28], [17, 30], [17, 31], [17, 33], [17, 34], [17, 36], [17, 37], [17, 39], [17, 40], [17, 42], [17, 51], [17, 85], [18, 19], [18, 20], [18, 22], [18, 23], [18, 25], [18, 26], [18, 28], [18, 29], [18, 32], [18, 34], [18, 35], [18, 37], [18, 38], [18, 40], [18, 41], [18, 43], [18, 44], [18, 58], [19, 20], [19, 21], [19, 24], [19, 26], [19, 27], [19, 29], [19, 30], [19, 32], [19, 33], [19, 35], [19, 36], [19, 38], [19, 39], [19, 41], [19, 42], [19, 44], [19, 51], [19, 64], [20, 21], [20, 22], [20, 24], [20, 25], [20, 27], [20, 28], [20, 30], [20, 31], [20, 33], [20, 36], [20, 37], [20, 40], [20, 42], [20, 43], [20, 78], [21, 22], [21, 23], [21, 25], [21, 26], [21, 28], [21, 31], [21, 32], [21, 34], [21, 35], [21, 37], [21, 38], [21, 40], [21, 41], [21, 43], [21, 44], [21, 63], [22, 23], [22, 24], [22, 26], [22, 27], [22, 29], [22, 30], [22, 32], [22, 33], [22, 35], [22, 36], [22, 39], [22, 41], [22, 42], [22, 44], [22, 69], [22, 73], [23, 24], [23, 25], [23, 27], [23, 28], [23, 30], [23, 31], [23, 33], [23, 34], [23, 36], [23, 37], [23, 39], [23, 40], [23, 42], [23, 43], [24, 25], [24, 26], [24, 28], [24, 29], [24, 31], [24, 32], [24, 34], [24, 35], [24, 37], [24, 38], [24, 40], [24, 41], [24, 43], [24, 44], [24, 62], [24, 76], [25, 26], [25, 27], [25, 29], [25, 30], [25, 32], [25, 33], [25, 35], [25, 36], [25, 38], [25, 39], [25, 41], [25, 42], [25, 44], [25, 51], [25, 82], [26, 27], [26, 28], [26, 30], [26, 31], [26, 33], [26, 34], [26, 36], [26, 37], [26, 39], [26, 40], [26, 42], [26, 43], [26, 47], [27, 28], [27, 29], [27, 31], [27, 32], [27, 34], [27, 35], [27, 37], [27, 38], [27, 40], [27, 41], [27, 43], [27, 59], [27, 78], [28, 29], [28, 30], [28, 32], [28, 33], [28, 35], [28, 36], [28, 38], [28, 39], [28, 41], [28, 42], [28, 44], [28, 48], [28, 51], [28, 60], [28, 67], [29, 30], [29, 31], [29, 33], [29, 34], [29, 36], [29, 37], [29, 39], [29, 40], [29, 42], [29, 43], [29, 62], [29, 78], [29, 80], [30, 31], [30, 32], [30, 34], [30, 35], [30, 37], [30, 38], [30, 40], [30, 41], [30, 43], [30, 44], [30, 60], [31, 32], [31, 33], [31, 35], [31, 36], [31, 38], [31, 39], [31, 41], [31, 42], [31, 44], [32, 33], [32, 34], [32, 36], [32, 37], [32, 39], [32, 40], [32, 42], [32, 43], [33, 34], [33, 35], [33, 37], [33, 38], [33, 40], [33, 41], [33, 43], [33, 44], [33, 62], [33, 66], [34, 35], [34, 36], [34, 38], [34, 39], [34, 41], [34, 42], [34, 44], [35, 36], [35, 37], [35, 42], [35, 43], [36, 37], [36, 38], [36, 40], [36, 41], [36, 43], [36, 44], [36, 65], [37, 38], [37, 39], [37, 41], [37, 42], [37, 44], [37, 53], [37, 57], [38, 39], [38, 40], [38, 42], [38, 43], [39, 40], [39, 41], [39, 43], [39, 44], [39, 54], [40, 41], [40, 42], [40, 44], [40, 80], [41, 42], [41, 43], [41, 53], [41, 69], [42, 43], [42, 44], [42, 55], [42, 61], [43, 44], [43, 52], [43, 65], [44, 78], [45, 47], [45, 49], [45, 50], [45, 52], [45, 53], [45, 55], [45, 56], [45, 58], [45, 59], [45, 61], [45, 62], [45, 64], [45, 65], [45, 67], [45, 68], [45, 70], [45, 71], [45, 73], [45, 74], [45, 76], [45, 77], [45, 79], [45, 80], [45, 82], [45, 83], [45, 85], [46, 47], [46, 48], [46, 50], [46, 51], [46, 53], [46, 54], [46, 56], [46, 57], [46, 59], [46, 60], [46, 62], [46, 63], [46, 65], [46, 66], [46, 68], [46, 71], [46, 72], [46, 74], [46, 75], [46, 77], [46, 78], [46, 80], [46, 81], [46, 83], [46, 84], [47, 48], [47, 49], [47, 51], [47, 52], [47, 54], [47, 55], [47, 57], [47, 58], [47, 60], [47, 61], [47, 63], [47, 64], [47, 66], [47, 67], [47, 69], [47, 70], [47, 72], [47, 73], [47, 75], [47, 76], [47, 78], [47, 79], [47, 81], [47, 82], [47, 84], [47, 85], [48, 49], [48, 50], [48, 52], [48, 55], [48, 56], [48, 58], [48, 59], [48, 62], [48, 64], [48, 65], [48, 67], [48, 68], [48, 70], [48, 71], [48, 73], [48, 74], [48, 76], [48, 77], [48, 79], [48, 80], [48, 82], [48, 83], [48, 85], [49, 50], [49, 51], [49, 53], [49, 54], [49, 