{"omega": 3, "n": 80, "m": 936, "ratio": 0.5268008944433655, "l1": 24.108096609395105, "l2": 8.731963933582897, "omega_verified": true, "seed": 838575744, "edges": [[0, 1], [0, 2], [0, 3], [0, 4], [0, 10], [0, 13], [0, 23], [0, 25], [0, 30], [0, 35], [0, 38], [0, 39], [0, 45], [0, 50], [0, 51], [0, 52], [0, 55], [0, 56], [0, 60], [0, 61], [0, 62], [0, 68], [0, 73], [1, 2], [1, 8], [1, 11], [1, 15], [1, 18], [1, 19], [1, 22], [1, 31], [1, 39], [1, 42], [1, 46], [1, 47], [1, 49], [1, 65], [1, 71], [1, 72], [2, 3], [2, 7], [2, 8], [2, 17], [2, 20], [2, 23], [2, 25], [2, 26], [2, 28], [2, 29], [2, 32], [2, 34], [2, 35], [2, 36], [2, 37], [2, 40], [2, 49], [2, 54], [2, 57], [2, 63], [2, 70], [2, 71], [2, 73], [2, 75], [2, 78], [3, 4], [3, 5], [3, 11], [3, 15], [3, 18], [3, 20], [3, 27], [3, 32], [3, 33], [3, 45], [3, 47], [3, 54], [3, 56], [3, 59], [3, 63], [3, 64], [3, 70], [3, 72], [3, 74], [3, 75], [3, 77], [4, 8], [4, 12], [4, 16], [4, 18], [4, 20], [4, 22], [4, 24], [4, 26], [4, 28], [4, 29], [4, 31], [4, 34], [4, 35], [4, 36], [4, 37], [4, 40], [4, 42], [4, 46], [4, 49], [4, 50], [4, 51], [4, 55], [4, 58], [4, 67], [4, 69], [4, 70], [4, 71], [4, 75], [4, 76], [4, 77], [4, 78], [4, 79], [5, 7], [5, 12], [5, 13], [5, 14], [5, 20], [5, 21], [5, 24], [5, 33], [5, 34], [5, 38], [5, 46], [5, 48], [5, 50], [5, 62], [5, 64], [6, 13], [6, 18], [6, 19], [6, 25], [6, 34], [6, 36], [6, 38], [6, 42], [6, 43], [6, 47], [6, 49], [6, 54], [6, 55], [6, 59], [6, 65], [6, 68], [6, 70], [6, 77], [6, 78], [7, 9], [7, 13], [7, 16], [7, 18], [7, 19], [7, 23], [7, 28], [7, 30], [7, 31], [7, 39], [7, 42], [7, 45], [7, 51], [7, 52], [7, 55], [7, 56], [7, 60], [7, 61], [7, 62], [7, 67], [7, 68], [7, 73], [7, 74], [8, 9], [8, 12], [8, 19], [8, 21], [8, 24], [8, 34], [8, 39], [8, 41], [8, 52], [8, 53], [8, 57], [8, 60], [8, 68], [8, 73], [8, 78], [9, 10], [9, 16], [9, 17], [9, 20], [9, 22], [9, 23], [9, 24], [9, 25], [9, 26], [9, 29], [9, 31], [9, 33], [9, 34], [9, 35], [9, 37], [9, 38], [9, 40], [9, 46], [9, 48], [9, 49], [9, 51], [9, 55], [9, 57], [9, 58], [9, 67], [9, 69], [9, 70], [9, 74], [9, 75], [9, 76], [9, 77], [9, 78], [10, 12], [10, 14], [10, 18], [10, 30], [10, 34], [10, 45], [10, 53], [10, 56], [10, 58], [10, 60], [10, 61], [10, 67], [10, 76], [10, 78], [11, 16], [11, 17], [11, 19], [11, 23], [11, 25], [11, 29], [11, 33], [11, 34], [11, 36], [11, 39], [11, 41], [11, 44], [11, 48], [11, 49], [11, 63], [11, 68], [11, 70], [11, 73], [11, 76], [11, 77], [11, 78], [12, 15], [12, 18], [12, 19], [12, 21], [12, 25], [12, 26], [12, 35], [12, 41], [12, 42], [12, 43], [12, 46], [12, 47], [12, 49], [12, 65], [12, 70], [12, 73], [12, 74], [12, 76], [12, 77], [13, 15], [13, 17], [13, 22], [13, 23], [13, 24], [13, 25], [13, 31], [13, 35], [13, 37], [13, 38], [13, 40], [13, 47], [13, 50], [13, 55], [13, 57], [13, 58], [13, 67], [13, 71], [13, 75], [13, 76], [13, 78], [13, 79], [14, 22], [14, 24], [14, 25], [14, 26], [14, 27], [14, 28], [14, 31], [14, 34], [14, 40], [14, 42], [14, 46], [14, 50], [14, 51], [14, 57], [14, 72], [14, 75], [14, 76], [14, 78], [14, 79], [15, 16], [15, 20], [15, 23], [15, 26], [15, 33], [15, 34], [15, 49], [15, 53], [15, 55], [15, 57], [15, 58], [15, 64], [15, 66], [15, 78], [16, 17], [16, 18], [16, 21], [16, 25], [16, 27], [16, 32], [16, 37], [16, 52], [16, 53], [16, 54], [16, 56], [16, 57], [16, 58], [16, 61], [16, 62], [16, 65], [16, 66], [16, 72], [16, 75], [16, 79], [17, 20], [17, 22], [17, 24], [17, 29], [17, 30], [17, 33], [17, 34], [17, 40], [17, 43], [17, 45], [17, 61], [17, 62], [17, 63], [17, 64], [17, 65], [17, 77], [18, 21], [18, 24], [18, 25], [18, 30], [18, 33], [18, 38], [18, 43], [18, 44], [18, 48], [18, 50], [18, 60], [18, 63], [18, 65], [18, 68], [19, 23], [19, 25], [19, 26], [19, 36], [19, 38], [19, 44], [19, 47], [19, 52], [19, 53], [19, 63], [19, 66], [19, 68], [19, 69], [19, 72], [19, 74], [19, 75], [20, 23], [20, 25], [20, 30], [20, 37], [20, 38], [20, 44], [20, 45], [20, 50], [20, 53], [20, 55], [20, 56], [20, 58], [20, 60], [20, 61], [20, 62], [20, 65], [20, 67], [20, 68], [20, 72], [20, 78], [21, 23], [21, 26], [21, 29], [21, 33], [21, 36], [21, 37], [21, 39], [21, 40], [21, 51], [21, 52], [21, 62], [21, 64], [21, 69], [21, 71], [21, 72], [21, 77], [22, 26], [22, 30], [22, 35], [22, 39], [22, 43], [22, 45], [22, 53], [22, 55], [22, 56], [22, 57], [22, 60], [22, 61], [22, 62], [22, 64], [22, 67], [22, 68], [22, 76], [23, 27], [23, 29], [23, 30], [23, 33], [23, 34], [23, 42], [23, 47], [23, 49], [23, 54], [23, 65], [23, 70], [23, 71], [23, 72], [23, 76], [23, 79], [24, 25], [24, 30], [24, 31], [24, 32], [24, 37], [24, 39], [24, 43], [24, 53], [24, 55], [24, 56], [24, 58], [24, 59], [24, 61], [24, 65], [24, 67], [24, 73], [24, 74], [25, 27], [25, 33], [25, 40], [25, 45], [25, 46], [25, 49], [25, 62], [25, 70], [25, 72], [25, 76], [25, 77], [25, 79], [26, 30], [26, 34], [26, 39], [26, 40], [26, 43], [26, 44], [26, 45], [26, 58], [26, 59], [26, 60], [26, 61], [26, 65], [26, 68], [26, 75], [26, 78], [26, 79], [27, 28], [27, 34], [27, 36], [27, 38], [27, 39], [27, 42], [27, 44], [27, 48], [27, 49], [27, 50], [27, 53], [27, 55], [27, 63], [27, 68], [27, 69], [27, 71], [27, 73], [27, 74], [28, 30], [28, 35], [28, 38], [28, 43], [28, 45], [28, 54], [28, 56], [28, 57], [28, 58], [28, 59], [28, 60], [28, 61], [28, 62], [28, 65], [28, 70], [28, 72], [28, 75], [28, 76], [28, 77], [28, 79], [29, 30], [29, 35], [29, 37], [29, 38], [29, 39], [29, 41], [29, 44], [29, 45], [29, 47], [29, 50], [29, 53], [29, 55], [29, 57], [29, 58], [29, 66], [29, 68], [29, 73], [29, 74], [30, 31], [30, 34], [30, 35], [30, 37], [30, 41], [30, 50], [30, 51], [30, 55], [30, 67], [30, 70], [30, 74], [30, 75], [30, 76], [30, 77], [30, 78], [30, 79], [31, 35], [31, 43], [31, 45], [31, 46], [31, 49], [31, 59], [31, 60], [31, 61], [31, 62], [31, 64], [31, 66], [31, 75], [31, 76], [31, 79], [32, 34], [32, 35], [32, 38], [32, 42], [32, 46], [32, 51], [32, 52], [32, 55], [32, 69], [32, 73], [33, 35], [33, 37], [33, 38], [33, 39], [33, 41], [33, 42], [33, 50], [33, 53], [33, 54], [33, 55], [33, 58], [33, 60], [33, 65], [33, 67], [33, 74], [34, 37], [34, 39], [34, 44], [34, 45], [34, 47], [34, 48], [34, 51], [34, 56], [34, 60], [34, 61], [34, 64], [34, 66], [34, 68], [34, 72], [35, 36], [35, 39], [35, 40], [35, 43], [35, 44], [35, 45], [35, 56], [35, 61], [35, 62], [35, 64], [35, 65], [35, 68], [35, 69], [35, 72], [35, 78], [36, 41], [36, 46], [36, 48], [36, 52], [36, 54], [36, 56], [36, 58], [36, 65], [36, 72], [36, 75], [36, 79], [37, 40], [37, 44], [37, 45], [37, 47], [37, 54], [37, 59], [37, 63], [37, 68], [37, 70], [37, 77], [38, 39], [38, 41], [38, 49], [38, 52], [38, 53], [38, 63], [38, 70], [38, 73], [38, 75], [38, 76], [38, 77], [38, 79], [39, 46], [39, 54], [39, 57], [39, 58], [39, 66], [39, 67], [39, 69], [39, 70], [39, 71], [39, 72], [39, 75], [39, 76], [39, 78], [39, 79], [40, 43], [40, 45], [40, 52], [40, 55], [40, 56], [40, 57], [40, 60], [40, 61], [40, 62], [40, 64], [40, 65], [40, 66], [40, 67], [40, 68], [40, 71], [40, 74], [41, 42], [41, 46], [41, 49], [41, 62], [41, 64], [41, 70], [41, 71], [41, 72], [41, 75], [41, 76], [41, 77], [42, 44], [42, 45], [42, 52], [42, 53], [42, 58], [42, 63], [42, 66], [42, 68], [42, 72], [42, 73], [42, 75], [43, 50], [43, 54], [43, 57], [43, 63], [43, 66], [43, 67], [43, 70], [43, 75], [43, 76], [43, 78], [44, 46], [44, 49], [44, 52], [44, 54], [44, 57], [44, 58], [44, 59], [44, 62], [44, 66], [44, 70], [44, 71], [44, 72], [44, 74], [44, 76], [44, 79], [45, 46], [45, 49], [45, 50], [45, 53], [45, 55], [45, 58], [45, 67], [45, 69], [45, 74], [45, 78], [46, 48], [46, 53], [46, 57], [46, 63], [46, 64], [46, 68], [46, 69], [46, 78], [47, 49], [47, 51], [47, 52], [47, 53], [47, 54], [47, 58], [47, 63], [47, 64], [47, 65], [47, 66], [47, 75], [48, 58], [48, 62], [48, 63], [48, 66], [48, 72], [48, 73], [48, 75], [48, 77], [48, 79], [49, 50], [49, 62], [49, 66], [49, 68], [49, 72], [50, 56], [50, 57], [50, 59], [50, 61], [50, 72], 