{"omega": 4, "n": 81, "m": 1270, "ratio": 0.5440184006192613, "l1": 31.494849974190984, "l2": 6.66554411004045, "omega_verified": true, "seed": 725530477, "edges": [[0, 1], [0, 2], [0, 3], [0, 4], [0, 5], [0, 6], [0, 13], [0, 14], [0, 16], [0, 18], [0, 22], [0, 23], [0, 24], [0, 26], [0, 27], [0, 32], [0, 33], [0, 34], [0, 35], [0, 41], [0, 43], [0, 44], [0, 46], [0, 47], [0, 52], [0, 53], [0, 57], [0, 58], [0, 59], [0, 62], [0, 63], [0, 66], [0, 69], [0, 70], [0, 73], [1, 2], [1, 3], [1, 6], [1, 7], [1, 9], [1, 15], [1, 16], [1, 19], [1, 20], [1, 29], [1, 30], [1, 32], [1, 33], [1, 38], [1, 40], [1, 42], [1, 44], [1, 46], [1, 54], [1, 58], [1, 60], [1, 64], [1, 68], [1, 72], [1, 73], [1, 76], [1, 77], [1, 80], [2, 3], [2, 5], [2, 6], [2, 7], [2, 8], [2, 9], [2, 11], [2, 17], [2, 19], [2, 20], [2, 24], [2, 25], [2, 26], [2, 27], [2, 28], [2, 30], [2, 35], [2, 37], [2, 38], [2, 41], [2, 47], [2, 50], [2, 52], [2, 53], [2, 54], [2, 56], [2, 61], [2, 65], [2, 69], [2, 72], [3, 4], [3, 7], [3, 8], [3, 10], [3, 12], [3, 15], [3, 19], [3, 21], [3, 24], [3, 26], [3, 27], [3, 29], [3, 32], [3, 34], [3, 38], [3, 40], [3, 43], [3, 48], [3, 51], [3, 54], [3, 55], [3, 59], [3, 60], [3, 61], [3, 62], [3, 65], [3, 68], [3, 70], [3, 71], [3, 78], [4, 5], [4, 11], [4, 14], [4, 16], [4, 18], [4, 22], [4, 25], [4, 26], [4, 28], [4, 32], [4, 35], [4, 36], [4, 38], [4, 41], [4, 46], [4, 49], [4, 50], [4, 51], [4, 53], [4, 54], [4, 56], [4, 60], [4, 64], [4, 66], [4, 68], [4, 70], [4, 71], [4, 72], [4, 76], [5, 6], [5, 9], [5, 10], [5, 13], [5, 14], [5, 15], [5, 20], [5, 21], [5, 24], [5, 28], [5, 34], [5, 35], [5, 36], [5, 42], [5, 43], [5, 46], [5, 49], [5, 50], [5, 53], [5, 54], [5, 58], [5, 60], [5, 64], [5, 67], [5, 69], [5, 71], [5, 72], [5, 79], [6, 9], [6, 12], [6, 13], [6, 14], [6, 16], [6, 17], [6, 21], [6, 22], [6, 25], [6, 29], [6, 36], [6, 37], [6, 38], [6, 41], [6, 48], [6, 50], [6, 51], [6, 52], [6, 60], [6, 64], [6, 65], [6, 66], [6, 67], [6, 74], [6, 76], [6, 77], [6, 78], [6, 79], [7, 10], [7, 12], [7, 14], [7, 15], [7, 18], [7, 20], [7, 24], [7, 25], [7, 26], [7, 32], [7, 35], [7, 40], [7, 41], [7, 46], [7, 48], [7, 49], [7, 50], [7, 53], [7, 55], [7, 57], [7, 58], [7, 62], [7, 66], [7, 72], [7, 78], [7, 79], [8, 9], [8, 11], [8, 12], [8, 14], [8, 15], [8, 16], [8, 20], [8, 22], [8, 24], [8, 26], [8, 27], [8, 28], [8, 32], [8, 33], [8, 34], [8, 37], [8, 41], [8, 42], [8, 43], [8, 45], [8, 47], [8, 50], [8, 52], [8, 57], [8, 65], [8, 66], [8, 67], [8, 72], [8, 74], [8, 75], [8, 78], [9, 14], [9, 16], [9, 24], [9, 26], [9, 27], [9, 30], [9, 32], [9, 35], [9, 36], [9, 43], [9, 44], [9, 46], [9, 51], [9, 55], [9, 61], [9, 62], [9, 66], [9, 69], [9, 70], [9, 73], [9, 75], [9, 77], [10, 13], [10, 14], [10, 17], [10, 18], [10, 19], [10, 21], [10, 22], [10, 23], [10, 24], [10, 31], [10, 35], [10, 37], [10, 38], [10, 39], [10, 43], [10, 44], [10, 46], [10, 51], [10, 52], [10, 56], [10, 57], [10, 59], [10, 60], [10, 70], [10, 72], [10, 73], [10, 74], [10, 77], [10, 79], [11, 12], [11, 13], [11, 14], [11, 15], [11, 16], [11, 18], [11, 21], [11, 22], [11, 26], [11, 28], [11, 30], [11, 33], [11, 42], [11, 44], [11, 46], [11, 47], [11, 48], [11, 52], [11, 55], [11, 57], [11, 61], [11, 63], [11, 69], [11, 71], [11, 78], [11, 79], [11, 80], [12, 13], [12, 19], [12, 23], [12, 25], [12, 27], [12, 29], [12, 38], [12, 39], [12, 42], [12, 44], [12, 47], [12, 52], [12, 53], [12, 55], [12, 57], [12, 65], [12, 66], [12, 70], [12, 72], [12, 73], [12, 75], [12, 76], [12, 77], [12, 79], [13, 15], [13, 16], [13, 18], [13, 20], [13, 21], [13, 25], [13, 27], [13, 28], [13, 30], [13, 32], [13, 39], [13, 40], [13, 41], [13, 46], [13, 48], [13, 54], [13, 55], [13, 56], [13, 61], [13, 68], [13, 70], [13, 71], [13, 72], [13, 73], [13, 78], [14, 19], [14, 21], [14, 22], [14, 25], [14, 26], [14, 27], [14, 29], [14, 30], [14, 31], [14, 32], [14, 38], [14, 39], [14, 40], [14, 41], [14, 43], [14, 45], [14, 48], [14, 49], [14, 51], [14, 57], [14, 59], [14, 64], [14, 65], [14, 66], [14, 68], [14, 72], [14, 80], [15, 17], [15, 18], [15, 22], [15, 26], [15, 31], [15, 34], [15, 35], [15, 36], [15, 38], [15, 41], [15, 43], [15, 44], [15, 47], [15, 48], [15, 50], [15, 51], [15, 56], [15, 57], [15, 60], [15, 63], [15, 66], [15, 70], [15, 71], [15, 73], [15, 74], [15, 80], [16, 25], [16, 27], [16, 29], [16, 30], [16, 31], [16, 36], [16, 37], [16, 38], [16, 42], [16, 47], [16, 49], [16, 50], [16, 51], [16, 52], [16, 56], [16, 57], [16, 58], [16, 60], [16, 61], [16, 65], [16, 68], [16, 69], [16, 70], [16, 73], [16, 79], [16, 80], [17, 18], [17, 19], [17, 20], [17, 21], [17, 23], [17, 24], [17, 26], [17, 27], [17, 29], [17, 34], [17, 35], [17, 39], [17, 41], [17, 42], [17, 48], [17, 51], [17, 52], [17, 57], [17, 58], [17, 62], [17, 64], [17, 65], [17, 70], [17, 73], [17, 80], [18, 22], [18, 25], [18, 26], [18, 27], [18, 28], [18, 36], [18, 37], [18, 45], [18, 50], [18, 52], [18, 54], [18, 56], [18, 62], [18, 64], [18, 65], [18, 66], [18, 69], [18, 73], [18, 75], [18, 76], [18, 77], [18, 78], [19, 22], [19, 28], [19, 30], [19, 32], [19, 33], [19, 34], [19, 37], [19, 46], [19, 47], [19, 48], [19, 52], [19, 53], [19, 55], [19, 58], [19, 67], [19, 69], [19, 70], [19, 73], [19, 76], [19, 78], [19, 80], [20, 21], [20, 22], [20, 23], [20, 30], [20, 32], [20, 33], [20, 41], [20, 44], [20, 49], [20, 51], [20, 52], [20, 53], [20, 55], [20, 57], [20, 59], [20, 60], [20, 62], [20, 64], [20, 67], [20, 68], [20, 70], [20, 73], [20, 74], [20, 77], [20, 78], [21, 22], [21, 25], [21, 26], [21, 36], [21, 38], [21, 40], [21, 42], [21, 48], [21, 50], [21, 52], [21, 53], [21, 54], [21, 55], [21, 62], [21, 67], [21, 69], [21, 71], [21, 73], [21, 76], [21, 78], [21, 79], [22, 23], [22, 30], [22, 33], [22, 36], [22, 40], [22, 46], [22, 49], [22, 50], [22, 51], [22, 53], [22, 58], [22, 59], [22, 60], [22, 61], [22, 65], [22, 67], [22, 68], [22, 72], [22, 75], [22, 76], [22, 77], [22, 78], [22, 79], [23, 26], [23, 27], [23, 28], [23, 29], [23, 42], [23, 43], [23, 50], [23, 51], [23, 53], [23, 54], [23, 55], [23, 56], [23, 61], [23, 62], [23, 66], [23, 69], [23, 70], [23, 71], [23, 73], [23, 74], [23, 76], [23, 79], [23, 80], [24, 25], [24, 32], [24, 34], [24, 36], [24, 37], [24, 38], [24, 40], [24, 42], [24, 44], [24, 45], [24, 47], [24, 48], [24, 49], [24, 51], [24, 56], [24, 57], [24, 62], [24, 68], [24, 76], [24, 77], [24, 79], [24, 80], [25, 27], [25, 33], [25, 34], [25, 35], [25, 42], [25, 45], [25, 46], [25, 51], [25, 52], [25, 53], [25, 56], [25, 57], [25, 63], [25, 67], [25, 69], [25, 70], [25, 71], [25, 73], [25, 74], [25, 79], [26, 29], [26, 31], [26, 36], [26, 37], [26, 39], [26, 49], [26, 51], [26, 53], [26, 55], [26, 59], [26, 61], [26, 62], [26, 63], [26, 67], [26, 68], [26, 69], [26, 72], [26, 77], [26, 78], [26, 79], [27, 30], [27, 31], [27, 33], [27, 34], [27, 36], [27, 45], [27, 48], [27, 50], [27, 54], [27, 55], [27, 61], [27, 63], [27, 67], [27, 68], [27, 71], [27, 72], [27, 75], [27, 77], [28, 29], [28, 31], [28, 32], [28, 34], [28, 35], [28, 38], [28, 41], [28, 48], [28, 49], [28, 57], [28, 58], [28, 59], [28, 63], [28, 64], [28, 67], [28, 68], [28, 69], [28, 71], [28, 73], [28, 75], [28, 77], [28, 79], [28, 80], [29, 33], [29, 34], [29, 36], [29, 42], [29, 43], [29, 44], [29, 45], [29, 46], [29, 48], [29, 49], [29, 50], [29, 54], [29, 63], [29, 67], [29, 68], [29, 69], [29, 70], [29, 71], [29, 72], [29, 73], [29, 74], [29, 75], [29, 77], [29, 79], [30, 34], [30, 35], [30, 38], [30, 39], [30, 42], [30, 45], [30, 53], [30, 54], [30, 56], [30, 62], [30, 63], [30, 65], [30, 66], [30, 69], [30, 72], [30, 74], [30, 77], [30, 78], [30, 79], [30, 80], [31, 33], [31, 34], [31, 35], [31, 37], [31, 40], [31, 44], [31, 53], [31, 55], [31, 57], [31, 60], [31, 61], [31, 62], [31, 63], [31, 69], [31, 71], [31, 72], [31, 74], [31, 76], [31, 78], [31, 80], [32, 35], [32, 36], [32, 37], [32, 38], [32, 39], [32, 42], [32, 46], [32, 47], [32, 49], [32, 54], [32, 57], [32, 60], [32, 61], [32, 63], [32, 68], [32, 69], [32, 