{"omega": 3, "n": 93, "m": 1141, "ratio": 0.44329631330478736, "l1": 24.855788702327445, "l2": 7.52271400224688, "omega_verified": true, "seed": 400568392, "edges": [[0, 1], [0, 2], [0, 7], [0, 15], [0, 20], [0, 28], [0, 32], [0, 33], [0, 36], [0, 45], [0, 46], [0, 47], [0, 51], [0, 57], [0, 60], [0, 65], [0, 68], [0, 73], [0, 74], [0, 76], [0, 77], [0, 81], [0, 84], [1, 2], [1, 8], [1, 10], [1, 13], [1, 27], [1, 30], [1, 35], [1, 36], [1, 38], [1, 39], [1, 43], [1, 44], [1, 45], [1, 51], [1, 52], [1, 53], [1, 54], [1, 55], [1, 57], [1, 60], [1, 62], [1, 64], [1, 69], [1, 78], [1, 89], [1, 91], [1, 92], [2, 15], [2, 18], [2, 22], [2, 28], [2, 30], [2, 40], [2, 41], [2, 48], [2, 50], [2, 53], [2, 55], [2, 64], [2, 67], [2, 76], [2, 78], [2, 80], [2, 89], [2, 90], [3, 7], [3, 12], [3, 18], [3, 25], [3, 27], [3, 30], [3, 31], [3, 32], [3, 47], [3, 53], [3, 56], [3, 61], [3, 62], [3, 64], [3, 66], [3, 68], [3, 70], [3, 71], [3, 78], [3, 86], [3, 87], [3, 88], [3, 91], [4, 5], [4, 14], [4, 18], [4, 23], [4, 24], [4, 25], [4, 27], [4, 32], [4, 36], [4, 42], [4, 45], [4, 48], [4, 53], [4, 54], [4, 56], [4, 57], [4, 60], [4, 65], [4, 72], [4, 89], [5, 6], [5, 7], [5, 8], [5, 14], [5, 15], [5, 19], [5, 21], [5, 23], [5, 24], [5, 30], [5, 31], [5, 32], [5, 37], [5, 39], [5, 46], [5, 51], [5, 59], [5, 72], [5, 73], [5, 74], [5, 76], [5, 77], [5, 79], [5, 81], [5, 84], [5, 85], [5, 86], [5, 88], [5, 90], [6, 20], [6, 22], [6, 25], [6, 26], [6, 30], [6, 44], [6, 49], [6, 56], [6, 60], [6, 61], [6, 64], [6, 66], [6, 67], [6, 68], [6, 70], [6, 73], [6, 75], [6, 78], [6, 83], [6, 85], [6, 87], [6, 92], [7, 16], [7, 17], [7, 22], [7, 26], [7, 31], [7, 35], [7, 44], [7, 48], [7, 52], [7, 57], [7, 61], [7, 64], [7, 74], [7, 75], [7, 82], [7, 90], [7, 92], [8, 14], [8, 18], [8, 23], [8, 25], [8, 27], [8, 31], [8, 34], [8, 40], [8, 45], [8, 46], [8, 58], [8, 65], [8, 67], [8, 69], [8, 70], [8, 73], [8, 75], [8, 80], [8, 81], [8, 82], [8, 86], [8, 91], [9, 14], [9, 18], [9, 23], [9, 24], [9, 26], [9, 28], [9, 38], [9, 39], [9, 42], [9, 45], [9, 53], [9, 54], [9, 56], [9, 60], [9, 63], [9, 65], [9, 71], [9, 73], [9, 79], [9, 83], [9, 89], [9, 90], [9, 91], [10, 14], [10, 24], [10, 34], [10, 37], [10, 39], [10, 41], [10, 42], [10, 50], [10, 53], [10, 54], [10, 60], [10, 63], [10, 67], [10, 72], [10, 80], [10, 81], [10, 82], [10, 83], [10, 87], [10, 91], [11, 18], [11, 21], [11, 27], [11, 30], [11, 31], [11, 37], [11, 47], [11, 51], [11, 57], [11, 65], [11, 66], [11, 67], [11, 68], [11, 75], [11, 77], [11, 83], [11, 85], [11, 89], [11, 90], [11, 92], [12, 19], [12, 21], [12, 27], [12, 28], [12, 30], [12, 35], [12, 40], [12, 42], [12, 44], [12, 48], [12, 50], [12, 51], [12, 57], [12, 62], [12, 64], [12, 65], [12, 70], [12, 73], [12, 75], [12, 82], [12, 84], [12, 87], [12, 89], [12, 90], [12, 91], [13, 14], [13, 18], [13, 25], [13, 29], [13, 31], [13, 32], [13, 37], [13, 42], [13, 44], [13, 64], [13, 65], [13, 67], [13, 76], [13, 78], [13, 80], [13, 83], [13, 85], [13, 88], [14, 16], [14, 21], [14, 22], [14, 30], [14, 36], [14, 38], [14, 39], [14, 43], [14, 44], [14, 47], [14, 50], [14, 52], [14, 57], [14, 60], [14, 64], [14, 67], [14, 78], [14, 80], [14, 82], [14, 91], [15, 17], [15, 18], [15, 22], [15, 23], [15, 42], [15, 43], [15, 44], [15, 47], [15, 50], [15, 53], [15, 60], [15, 61], [15, 64], [15, 67], [15, 68], [15, 75], [15, 81], [15, 82], [15, 83], [15, 86], [15, 87], [15, 89], [15, 92], [16, 18], [16, 19], [16, 23], [16, 28], [16, 35], [16, 36], [16, 40], [16, 43], [16, 46], [16, 48], [16, 50], [16, 54], [16, 58], [16, 60], [16, 61], [16, 62], [16, 70], [16, 73], [16, 76], [16, 77], [16, 79], [16, 81], [16, 87], [16, 89], [16, 90], [16, 91], [17, 19], [17, 21], [17, 24], [17, 26], [17, 30], [17, 38], [17, 40], [17, 52], [17, 58], [17, 61], [17, 62], [17, 64], [17, 70], [17, 71], [17, 73], [17, 85], [17, 87], [17, 88], [17, 92], [18, 21], [18, 29], [18, 33], [18, 35], [18, 36], [18, 38], [18, 46], [18, 48], [18, 52], [18, 55], [18, 56], [18, 63], [18, 68], [18, 73], [18, 77], [18, 87], [19, 24], [19, 25], [19, 26], [19, 28], [19, 29], [19, 32], [19, 45], [19, 52], [19, 53], [19, 56], [19, 57], [19, 62], [19, 65], [19, 74], [19, 78], [19, 86], [19, 89], [19, 92], [20, 24], [20, 26], [20, 27], [20, 28], [20, 30], [20, 31], [20, 35], [20, 36], [20, 40], [20, 42], [20, 47], [20, 51], [20, 53], [20, 61], [20, 64], [20, 70], [20, 78], [20, 79], [20, 82], [20, 87], [20, 92], [21, 26], [21, 28], [21, 31], [21, 34], [21, 42], [21, 43], [21, 45], [21, 48], [21, 56], [21, 59], [21, 61], [21, 63], [21, 64], [21, 65], [21, 66], [21, 67], [21, 72], [21, 74], [21, 80], [21, 81], [22, 28], [22, 30], [22, 32], [22, 34], [22, 35], [22, 40], [22, 54], [22, 58], [22, 65], [22, 70], [22, 71], [22, 72], [22, 74], [22, 75], [22, 77], [22, 84], [22, 86], [22, 87], [23, 25], [23, 28], [23, 29], [23, 34], [23, 36], [23, 37], [23, 38], [23, 41], [23, 42], [23, 49], [23, 57], [23, 59], [23, 63], [23, 64], [23, 67], [23, 69], [23, 80], [23, 91], [24, 34], [24, 35], [24, 36], [24, 40], [24, 45], [24, 46], [24, 48], [24, 49], [24, 53], [24, 59], [24, 60], [24, 66], [24, 69], [24, 71], [24, 75], [24, 76], [24, 80], [24, 81], [24, 88], [24, 91], [25, 28], [25, 31], [25, 32], [25, 38], [25, 40], [25, 41], [25, 46], [25, 50], [25, 59], [25, 61], [25, 63], [25, 68], [25, 72], [25, 75], [25, 76], [25, 79], [25, 85], [25, 87], [25, 88], [25, 90], [26, 29], [26, 31], [26, 35], [26, 36], [26, 39], [26, 43], [26, 47], [26, 49], [26, 50], [26, 51], [26, 55], [26, 60], [26, 66], [26, 67], [26, 68], [26, 69], [26, 75], [26, 76], [26, 77], [26, 81], [26, 85], [26, 89], [27, 29], [27, 31], [27, 33], [27, 35], [27, 37], [27, 39], [27, 41], [27, 48], [27, 53], [27, 54], [27, 59], [27, 61], [27, 67], [27, 68], [27, 73], [27, 80], [27, 85], [27, 90], [28, 29], [28, 31], [28, 49], [28, 54], [28, 58], [28, 66], [28, 67], [28, 69], [28, 72], [28, 73], [28, 74], [28, 85], [28, 90], [28, 92], [29, 30], [29, 32], [29, 34], [29, 41], [29, 46], [29, 50], [29, 51], [29, 54], [29, 57], [29, 58], [29, 70], [29, 73], [29, 75], [29, 79], [29, 81], [29, 83], [29, 86], [29, 87], [29, 88], [29, 90], [30, 31], [30, 32], [30, 33], [30, 35], [30, 36], [30, 37], [30, 43], [30, 48], [30, 56], [30, 60], [30, 66], [30, 67], [30, 68], [30, 69], [30, 74], [30, 76], [30, 77], [30, 81], [30, 82], [30, 86], [31, 33], [31, 41], [31, 44], [31, 48], [31, 49], [31, 50], [31, 55], [31, 57], [31, 58], [31, 62], [31, 70], [31, 78], [31, 84], [32, 34], [32, 48], [32, 50], [32, 52], [32, 53], [32, 62], [32, 63], [32, 69], [32, 78], [32, 79], [32, 89], [32, 92], [33, 36], [33, 40], [33, 42], [33, 44], [33, 45], [33, 47], [33, 49], [33, 52], [33, 59], [33, 60], [33, 61], [33, 67], [33, 69], [33, 70], [33, 72], [33, 75], [33, 78], [33, 82], [33, 84], [33, 85], [33, 89], [33, 91], [34, 36], [34, 40], [34, 42], [34, 43], [34, 44], [34, 46], [34, 49], [34, 51], [34, 55], [34, 62], [34, 68], [34, 73], [34, 74], [34, 76], [34, 86], [34, 89], [34, 90], [35, 42], [35, 49], [35, 62], [35, 63], [35, 64], [35, 66], [35, 67], [35, 68], [35, 70], [35, 72], [35, 79], [35, 80], [35, 81], [35, 83], [35, 85], [35, 88], [35, 92], [36, 37], [36, 39], [36, 58], [36, 62], [36, 63], [36, 65], [36, 66], [36, 71], [36, 78], [36, 79], [36, 83], [36, 88], [36, 89], [36, 92], [37, 40], [37, 45], [37, 46], [37, 48], [37, 49], [37, 53], [37, 58], [37, 60], [37, 69], [37, 82], [37, 89], [38, 40], [38, 48], [38, 49], [38, 53], [38, 54], [38, 61], [38, 62], [38, 64], [38, 65], [38, 66], [38, 70], [38, 72], [38, 74], [38, 75], [38, 77], [38, 81], [38, 89], [39, 41], [39, 42], [39, 44], [39, 49], [39, 55], [39, 57], [39, 59], [39, 61], [39, 63], [39, 68], [39, 70], [39, 73], [39, 75], [39, 76], [39, 84], [39, 87], [39, 90], [40, 47], [40, 51], [40, 54], [40, 60], [40, 66], [40, 68], [40, 69], [40, 82], [40, 83], [40, 90], [40, 91], [40, 92], [41, 43], [41, 45], [41, 52], [41, 53], [41, 55], [41, 56], [41, 60], [41, 62], [41, 64], [41, 65], [41, 66], [41, 67], [41, 71], [41, 74], [41, 