{"omega": 5, "n": 80, "m": 1481, "ratio": 0.6023154632706639, "l1": 37.1700977881881, "l2": 6.755039021552664, "omega_verified": true, "seed": 181214326, "edges": [[0, 1], [0, 2], [0, 3], [0, 4], [0, 5], [0, 6], [0, 7], [0, 9], [0, 10], [0, 15], [0, 16], [0, 21], [0, 24], [0, 25], [0, 26], [0, 27], [0, 28], [0, 29], [0, 31], [0, 32], [0, 34], [0, 35], [0, 36], [0, 37], [0, 39], [0, 43], [0, 51], [0, 56], [0, 63], [0, 65], [0, 66], [0, 68], [0, 71], [0, 73], [0, 75], [0, 76], [0, 78], [1, 2], [1, 3], [1, 4], [1, 5], [1, 7], [1, 9], [1, 10], [1, 16], [1, 19], [1, 20], [1, 22], [1, 28], [1, 33], [1, 35], [1, 39], [1, 40], [1, 41], [1, 42], [1, 43], [1, 44], [1, 45], [1, 49], [1, 50], [1, 51], [1, 52], [1, 53], [1, 54], [1, 57], [1, 60], [1, 64], [1, 65], [1, 68], [1, 69], [1, 74], [1, 77], [1, 78], [1, 79], [2, 3], [2, 4], [2, 6], [2, 8], [2, 9], [2, 11], [2, 12], [2, 13], [2, 17], [2, 18], [2, 19], [2, 21], [2, 23], [2, 24], [2, 25], [2, 26], [2, 30], [2, 31], [2, 33], [2, 36], [2, 38], [2, 40], [2, 42], [2, 44], [2, 45], [2, 46], [2, 47], [2, 49], [2, 51], [2, 52], [2, 53], [2, 54], [2, 57], [2, 63], [2, 64], [2, 65], [2, 66], [2, 71], [2, 72], [2, 75], [2, 79], [3, 4], [3, 5], [3, 10], [3, 16], [3, 22], [3, 23], [3, 25], [3, 28], [3, 30], [3, 31], [3, 33], [3, 34], [3, 37], [3, 42], [3, 45], [3, 46], [3, 48], [3, 53], [3, 54], [3, 56], [3, 57], [3, 58], [3, 59], [3, 60], [3, 63], [3, 64], [3, 67], [3, 68], [3, 70], [3, 73], [3, 75], [3, 76], [4, 10], [4, 12], [4, 13], [4, 14], [4, 15], [4, 16], [4, 18], [4, 19], [4, 20], [4, 23], [4, 26], [4, 27], [4, 29], [4, 31], [4, 32], [4, 35], [4, 36], [4, 37], [4, 39], [4, 41], [4, 44], [4, 46], [4, 47], [4, 49], [4, 51], [4, 53], [4, 54], [4, 55], [4, 56], [4, 58], [4, 62], [4, 65], [4, 67], [4, 68], [4, 69], [4, 72], [4, 76], [5, 6], [5, 8], [5, 9], [5, 10], [5, 12], [5, 13], [5, 18], [5, 20], [5, 21], [5, 22], [5, 23], [5, 28], [5, 31], [5, 32], [5, 34], [5, 37], [5, 40], [5, 41], [5, 42], [5, 45], [5, 46], [5, 49], [5, 51], [5, 52], [5, 53], [5, 57], [5, 58], [5, 61], [5, 62], [5, 65], [5, 66], [5, 69], [5, 70], [5, 72], [5, 73], [5, 75], [6, 8], [6, 9], [6, 10], [6, 14], [6, 15], [6, 23], [6, 26], [6, 27], [6, 28], [6, 29], [6, 30], [6, 32], [6, 38], [6, 39], [6, 41], [6, 42], [6, 43], [6, 44], [6, 47], [6, 48], [6, 49], [6, 50], [6, 51], [6, 56], [6, 60], [6, 63], [6, 64], [6, 65], [6, 67], [6, 68], [6, 69], [6, 72], [6, 74], [6, 77], [6, 79], [7, 8], [7, 10], [7, 11], [7, 13], [7, 14], [7, 15], [7, 18], [7, 19], [7, 20], [7, 21], [7, 22], [7, 25], [7, 31], [7, 32], [7, 34], [7, 35], [7, 38], [7, 39], [7, 40], [7, 41], [7, 44], [7, 46], [7, 52], [7, 53], [7, 55], [7, 58], [7, 60], [7, 61], [7, 62], [7, 64], [7, 67], [7, 68], [7, 72], [7, 73], [7, 74], [7, 77], [7, 78], [8, 11], [8, 12], [8, 13], [8, 19], [8, 21], [8, 26], [8, 28], [8, 29], [8, 31], [8, 33], [8, 34], [8, 36], [8, 37], [8, 38], [8, 39], [8, 41], [8, 44], [8, 45], [8, 50], [8, 51], [8, 52], [8, 54], [8, 58], [8, 60], [8, 64], [8, 66], [8, 68], [8, 69], [8, 74], [8, 77], [8, 79], [9, 11], [9, 19], [9, 21], [9, 22], [9, 24], [9, 26], [9, 29], [9, 34], [9, 35], [9, 36], [9, 39], [9, 41], [9, 43], [9, 45], [9, 46], [9, 47], [9, 48], [9, 49], [9, 55], [9, 56], [9, 58], [9, 60], [9, 61], [9, 62], [9, 63], [9, 64], [9, 67], [9, 68], [9, 70], [9, 74], [9, 77], [9, 78], [9, 79], [10, 11], [10, 13], [10, 14], [10, 22], [10, 23], [10, 24], [10, 27], [10, 31], [10, 36], [10, 39], [10, 40], [10, 43], [10, 46], [10, 47], [10, 54], [10, 58], [10, 61], [10, 64], [10, 66], [10, 67], [10, 69], [10, 72], [10, 73], [10, 75], [10, 76], [10, 78], [10, 79], [11, 12], [11, 18], [11, 20], [11, 21], [11, 25], [11, 27], [11, 30], [11, 31], [11, 34], [11, 39], [11, 41], [11, 43], [11, 44], [11, 47], [11, 48], [11, 49], [11, 54], [11, 55], [11, 56], [11, 59], [11, 60], [11, 63], [11, 64], [11, 67], [11, 69], [11, 70], [11, 71], [11, 72], [11, 73], [11, 75], [11, 76], [11, 77], [11, 78], [11, 79], [12, 15], [12, 16], [12, 17], [12, 18], [12, 20], [12, 21], [12, 24], [12, 28], [12, 35], [12, 36], [12, 38], [12, 42], [12, 43], [12, 48], [12, 49], [12, 53], [12, 58], [12, 59], [12, 63], [12, 64], [12, 67], [12, 69], [12, 71], [12, 72], [12, 73], [12, 74], [12, 76], [12, 78], [12, 79], [13, 15], [13, 18], [13, 23], [13, 24], [13, 26], [13, 27], [13, 28], [13, 30], [13, 31], [13, 32], [13, 34], [13, 35], [13, 38], [13, 39], [13, 41], [13, 44], [13, 46], [13, 48], [13, 52], [13, 53], [13, 55], [13, 56], [13, 59], [13, 61], [13, 63], [13, 65], [13, 67], [13, 73], [13, 74], [13, 75], [13, 76], [13, 78], [13, 79], [14, 16], [14, 18], [14, 19], [14, 22], [14, 24], [14, 26], [14, 28], [14, 30], [14, 34], [14, 35], [14, 37], [14, 38], [14, 39], [14, 40], [14, 41], [14, 42], [14, 47], [14, 49], [14, 50], [14, 51], [14, 57], [14, 58], [14, 59], [14, 61], [14, 66], [14, 67], [14, 70], [14, 75], [14, 76], [14, 77], [15, 16], [15, 17], [15, 19], [15, 20], [15, 21], [15, 24], [15, 25], [15, 28], [15, 29], [15, 30], [15, 31], [15, 33], [15, 34], [15, 36], [15, 37], [15, 38], [15, 40], [15, 41], [15, 44], [15, 50], [15, 51], [15, 52], [15, 56], [15, 59], [15, 60], [15, 61], [15, 70], [15, 73], [15, 78], [15, 79], [16, 17], [16, 20], [16, 21], [16, 23], [16, 25], [16, 27], [16, 28], [16, 29], [16, 32], [16, 36], [16, 39], [16, 40], [16, 41], [16, 43], [16, 44], [16, 45], [16, 46], [16, 47], [16, 48], [16, 50], [16, 53], [16, 56], [16, 57], [16, 59], [16, 61], [16, 62], [16, 63], [16, 67], [16, 70], [16, 71], [16, 74], [17, 19], [17, 21], [17, 22], [17, 23], [17, 25], [17, 26], [17, 29], [17, 30], [17, 31], [17, 32], [17, 34], [17, 35], [17, 36], [17, 39], [17, 42], [17, 45], [17, 46], [17, 51], [17, 53], [17, 54], [17, 56], [17, 57], [17, 58], [17, 60], [17, 62], [17, 63], [17, 66], [17, 67], [17, 69], [17, 73], [17, 74], [17, 76], [17, 77], [17, 78], [18, 24], [18, 25], [18, 27], [18, 28], [18, 30], [18, 31], [18, 34], [18, 36], [18, 37], [18, 38], [18, 39], [18, 40], [18, 41], [18, 42], [18, 45], [18, 48], [18, 49], [18, 51], [18, 52], [18, 54], [18, 55], [18, 56], [18, 57], [18, 61], [18, 62], [18, 67], [18, 68], [18, 70], [18, 73], [18, 74], [19, 21], [19, 23], [19, 27], [19, 28], [19, 29], [19, 33], [19, 35], [19, 36], [19, 37], [19, 38], [19, 40], [19, 42], [19, 43], [19, 45], [19, 47], [19, 48], [19, 53], [19, 55], [19, 56], [19, 59], [19, 61], [19, 64], [19, 67], [19, 71], [19, 76], [19, 77], [19, 79], [20, 23], [20, 24], [20, 27], [20, 28], [20, 30], [20, 31], [20, 34], [20, 41], [20, 42], [20, 43], [20, 44], [20, 46], [20, 50], [20, 51], [20, 54], [20, 55], [20, 58], [20, 62], [20, 63], [20, 68], [20, 69], [20, 70], [20, 74], [20, 76], [20, 77], [20, 79], [21, 22], [21, 23], [21, 24], [21, 27], [21, 28], [21, 30], [21, 35], [21, 38], [21, 41], [21, 42], [21, 43], [21, 47], [21, 51], [21, 55], [21, 57], [21, 61], [21, 65], [21, 67], [21, 68], [21, 69], [21, 71], [21, 72], [21, 73], [21, 74], [21, 75], [21, 76], [21, 77], [22, 23], [22, 24], [22, 26], [22, 27], [22, 31], [22, 32], [22, 33], [22, 36], [22, 37], [22, 43], [22, 44], [22, 46], [22, 49], [22, 52], [22, 53], [22, 55], [22, 56], [22, 59], [22, 62], [22, 63], [22, 64], [22, 65], [22, 70], [22, 71], [22, 76], [22, 77], [23, 24], [23, 27], [23, 28], [23, 29], [23, 34], [23, 35], [23, 38], [23, 40], [23, 41], [23, 48], [23, 50], [23, 57], [23, 59], [23, 60], [23, 61], [23, 62], [23, 64], [23, 65], [23, 66], [23, 67], [23, 69], [23, 70], [23, 71], [23, 72], [23, 74], [23, 77], [23, 78], [24, 28], [24, 31], [24, 36], [24, 37], [24, 39], [24, 42], [24, 44], [24, 45], [24, 46], [24, 47], [24, 50], [24, 53], [24, 54], [24, 55], [24, 57], [24, 58], [24, 61], [24, 63], [24, 64], [24, 65], [24, 67], [24, 68], [24, 69], [24, 73], [24, 74], [24, 76], [24, 77], [25, 26], [25, 27], [25, 28], [25, 29], [25, 33], [25, 34], [25, 38], [25, 39], [25, 40], [25, 43], [25, 45], [25, 47], [25, 50], [25, 52], [25, 55], [25, 57], [25, 61], [25, 62], [25, 64], [25, 65], [25, 66], [25, 68], [25, 69], [25, 70], [25, 71], [25, 74], [25, 78], [25, 79],