{"omega": 4, "n": 31, "m": 311, "ratio": 0.9947307212056737, "l1": 21.49167368357513, "l2": 1.4662345382547313, "omega_verified": true, "seed": 871535076, "edges": [[0, 1], [0, 2], [0, 3], [0, 4], [0, 6], [0, 8], [0, 9], [0, 10], [0, 12], [0, 13], [0, 14], [0, 15], [0, 18], [0, 20], [0, 21], [0, 22], [0, 23], [0, 24], [0, 25], [0, 26], [0, 27], [0, 29], [0, 30], [1, 2], [1, 3], [1, 5], [1, 8], [1, 9], [1, 10], [1, 11], [1, 12], [1, 15], [1, 17], [1, 18], [1, 19], [1, 20], [1, 21], [1, 22], [1, 23], [1, 26], [1, 27], [1, 28], [1, 29], [1, 30], [2, 3], [2, 4], [2, 5], [2, 6], [2, 10], [2, 11], [2, 12], [2, 13], [2, 14], [2, 17], [2, 18], [2, 19], [2, 21], [2, 23], [2, 24], [2, 25], [2, 26], [2, 28], [2, 29], [3, 4], [3, 5], [3, 6], [3, 8], [3, 9], [3, 11], [3, 13], [3, 14], [3, 15], [3, 17], [3, 19], [3, 20], [3, 22], [3, 24], [3, 25], [3, 27], [3, 28], [3, 30], [4, 5], [4, 8], [4, 9], [4, 10], [4, 11], [4, 12], [4, 15], [4, 17], [4, 18], [4, 19], [4, 20], [4, 21], [4, 22], [4, 23], [4, 26], [4, 27], [4, 28], [4, 29], [4, 30], [5, 6], [5, 8], [5, 9], [5, 10], [5, 12], [5, 13], [5, 14], [5, 15], [5, 18], [5, 20], [5, 21], [5, 22], [5, 23], [5, 24], [5, 25], [5, 26], [5, 27], [5, 29], [5, 30], [6, 8], [6, 9], [6, 10], [6, 11], [6, 15], [6, 17], [6, 18], [6, 19], [6, 20], [6, 21], [6, 22], [6, 23], [6, 26], [6, 27], [6, 28], [6, 29], [6, 30], [8, 10], [8, 11], [8, 13], [8, 14], [8, 17], [8, 18], [8, 19], [8, 21], [8, 23], [8, 24], [8, 25], [8, 26], [8, 28], [8, 29], [9, 10], [9, 11], [9, 12], [9, 13], [9, 14], [9, 17], [9, 18], [9, 19], [9, 21], [9, 23], [9, 24], [9, 25], [9, 26], [9, 28], [9, 29], [10, 11], [10, 13], [10, 14], [10, 15], [10, 17], [10, 19], [10, 20], [10, 22], [10, 24], [10, 25], [10, 27], [10, 28], [10, 30], [11, 12], [11, 13], [11, 14], [11, 15], [11, 18], [11, 20], [11, 21], [11, 22], [11, 23], [11, 24], [11, 25], [11, 26], [11, 27], [11, 29], [11, 30], [12, 14], [12, 15], [12, 17], [12, 19], [12, 20], [12, 22], [12, 24], [12, 25], [12, 27], [12, 28], [12, 30], [13, 15], [13, 17], [13, 18], [13, 19], [13, 20], [13, 21], [13, 22], [13, 23], [13, 26], [13, 27], [13, 28], [13, 29], [13, 30], [14, 15], [14, 17], [14, 18], [14, 19], [14, 20], [14, 21], [14, 22], [14, 23], [14, 26], [14, 27], [14, 28], [14, 29], [14, 30], [15, 17], [15, 18], [15, 19], [15, 21], [15, 23], [15, 24], [15, 25], [15, 26], [15, 28], [15, 29], [17, 18], [17, 20], [17, 21], [17, 22], [17, 23], [17, 24], [17, 25], [17, 26], [17, 27], [17, 29], [17, 30], [18, 19], [18, 20], [18, 22], [18, 24], [18, 25], [18, 27], [18, 28], [18, 30], [19, 20], [19, 21], [19, 22], [19, 23], [19, 24], [19, 25], [19, 26], [19, 27], [19, 29], [19, 30], [20, 21], [20, 23], [20, 24], [20, 25], [20, 26], [20, 28], [20, 29], [21, 22], [21, 24], [21, 25], [21, 27], [21, 28], [21, 30], [22, 23], [22, 24], [22, 25], [22, 26], [22, 28], [22, 29], [23, 24], [23, 25], [23, 27], [23, 28], [23, 30], [24, 26], [24, 27], [24, 28], [24, 29], [24, 30], [25, 26], [25, 27], [25, 28], [25, 29], [25, 30], [26, 27], [26, 28], [26, 30], [27, 28], [27, 29], [28, 29], [28, 30], [29, 30]]}