{"omega": 5, "n": 27, "m": 270, "ratio": 0.999163821088601, "l1": 20.775918047351738, "l2": 2.467327676578088e-15, "omega_verified": true, "seed": 873687138, "edges": [[0, 1], [0, 2], [0, 3], [0, 4], [0, 6], [0, 7], [0, 8], [0, 9], [0, 10], [0, 12], [0, 14], [0, 16], [0, 17], [0, 18], [0, 19], [0, 21], [0, 22], [0, 23], [0, 24], [0, 25], [0, 26], [1, 2], [1, 3], [1, 4], [1, 5], [1, 6], [1, 7], [1, 8], [1, 10], [1, 11], [1, 12], [1, 13], [1, 15], [1, 16], [1, 17], [1, 18], [1, 19], [1, 22], [1, 23], [1, 25], [1, 26], [2, 3], [2, 4], [2, 5], [2, 8], [2, 9], [2, 10], [2, 11], [2, 12], [2, 13], [2, 14], [2, 15], [2, 16], [2, 17], [2, 18], [2, 21], [2, 22], [2, 23], [2, 24], [2, 26], [3, 4], [3, 5], [3, 6], [3, 7], [3, 9], [3, 10], [3, 11], [3, 12], [3, 13], [3, 14], [3, 15], [3, 16], [3, 19], [3, 21], [3, 23], [3, 24], [3, 25], [4, 5], [4, 6], [4, 7], [4, 8], [4, 9], [4, 11], [4, 13], [4, 14], [4, 15], [4, 17], [4, 18], [4, 19], [4, 21], [4, 22], [4, 24], [4, 25], [4, 26], [5, 6], [5, 7], [5, 8], [5, 9], [5, 10], [5, 12], [5, 14], [5, 16], [5, 17], [5, 18], [5, 19], [5, 21], [5, 22], [5, 23], [5, 24], [5, 25], [5, 26], [6, 8], [6, 9], [6, 10], [6, 11], [6, 12], [6, 13], [6, 14], [6, 15], [6, 16], [6, 17], [6, 18], [6, 21], [6, 22], [6, 23], [6, 24], [6, 26], [7, 8], [7, 9], [7, 10], [7, 11], [7, 12], [7, 13], [7, 14], [7, 15], [7, 16], [7, 17], [7, 18], [7, 21], [7, 22], [7, 23], [7, 24], [7, 26], [8, 9], [8, 10], [8, 11], [8, 12], [8, 13], [8, 14], [8, 15], [8, 16], [8, 19], [8, 21], [8, 23], [8, 24], [8, 25], [9, 10], [9, 11], [9, 12], [9, 13], [9, 15], [9, 16], [9, 17], [9, 18], [9, 19], [9, 22], [9, 23], [9, 25], [9, 26], [10, 11], [10, 13], [10, 14], [10, 15], [10, 17], [10, 18], [10, 19], [10, 21], [10, 22], [10, 24], [10, 25], [10, 26], [11, 12], [11, 14], [11, 16], [11, 17], [11, 18], [11, 19], [11, 21], [11, 22], [11, 23], [11, 24], [11, 25], [11, 26], [12, 13], [12, 14], [12, 15], [12, 17], [12, 18], [12, 19], [12, 21], [12, 22], [12, 24], [12, 25], [12, 26], [13, 14], [13, 16], [13, 17], [13, 18], [13, 19], [13, 21], [13, 22], [13, 23], [13, 24], [13, 25], [13, 26], [14, 15], [14, 16], [14, 17], [14, 18], [14, 19], [14, 22], [14, 23], [14, 25], [14, 26], [15, 16], [15, 17], [15, 18], [15, 19], [15, 21], [15, 22], [15, 23], [15, 24], [15, 25], [15, 26], [16, 17], [16, 18], [16, 19], [16, 21], [16, 22], [16, 24], [16, 25], [16, 26], [17, 19], [17, 21], [17, 23], [17, 24], [17, 25], [18, 19], [18, 21], [18, 23], [18, 24], [18, 25], [19, 21], [19, 22], [19, 23], [19, 24], [19, 26], [21, 22], [21, 23], [21, 25], [21, 26], [22, 23], [22, 24], [22, 25], [23, 24], [23, 25], [23, 26], [24, 25], [24, 26], [25, 26]]}