{"omega": 3, "n": 28, "m": 260, "ratio": 0.9985614481735452, "l1": 18.583633634037017, "l2": 0.9036203052446782, "omega_verified": true, "seed": 360403635, "edges": [[0, 1], [0, 2], [0, 3], [0, 4], [0, 6], [0, 9], [0, 10], [0, 11], [0, 15], [0, 17], [0, 18], [0, 19], [0, 20], [0, 21], [0, 22], [0, 23], [0, 24], [1, 2], [1, 4], [1, 5], [1, 7], [1, 8], [1, 10], [1, 11], [1, 12], [1, 13], [1, 14], [1, 17], [1, 19], [1, 21], [1, 23], [1, 24], [1, 25], [1, 26], [1, 27], [2, 3], [2, 5], [2, 6], [2, 7], [2, 8], [2, 9], [2, 12], [2, 13], [2, 14], [2, 15], [2, 16], [2, 18], [2, 20], [2, 22], [2, 25], [2, 26], [2, 27], [3, 4], [3, 5], [3, 7], [3, 8], [3, 10], [3, 11], [3, 12], [3, 13], [3, 14], [3, 17], [3, 19], [3, 21], [3, 23], [3, 24], [3, 25], [3, 26], [3, 27], [4, 5], [4, 6], [4, 7], [4, 8], [4, 9], [4, 12], [4, 13], [4, 14], [4, 15], [4, 16], [4, 18], [4, 20], [4, 22], [4, 25], [4, 26], [4, 27], [5, 6], [5, 9], [5, 10], [5, 11], [5, 15], [5, 16], [5, 17], [5, 18], [5, 19], [5, 20], [5, 21], [5, 22], [5, 23], [5, 24], [6, 7], [6, 8], [6, 10], [6, 11], [6, 12], [6, 13], [6, 14], [6, 17], [6, 19], [6, 21], [6, 23], [6, 24], [6, 25], [6, 26], [6, 27], [7, 9], [7, 10], [7, 11], [7, 15], [7, 16], [7, 17], [7, 18], [7, 19], [7, 20], [7, 21], [7, 22], [7, 23], [7, 24], [8, 9], [8, 10], [8, 11], [8, 15], [8, 16], [8, 17], [8, 18], [8, 19], [8, 20], [8, 21], [8, 22], [8, 23], [8, 24], [9, 10], [9, 11], [9, 12], [9, 13], [9, 14], [9, 17], [9, 19], [9, 21], [9, 23], [9, 24], [9, 25], [9, 26], [9, 27], [10, 12], [10, 13], [10, 14], [10, 15], [10, 16], [10, 18], [10, 20], [10, 22], [10, 25], [10, 26], [10, 27], [11, 12], [11, 13], [11, 14], [11, 15], [11, 16], [11, 18], [11, 20], [11, 22], [11, 25], [11, 26], [11, 27], [12, 15], [12, 16], [12, 17], [12, 18], [12, 19], [12, 20], [12, 21], [12, 22], [12, 23], [12, 24], [13, 15], [13, 16], [13, 17], [13, 18], [13, 19], [13, 20], [13, 21], [13, 22], [13, 23], [13, 24], [14, 15], [14, 16], [14, 17], [14, 18], [14, 19], [14, 20], [14, 21], [14, 22], [14, 23], [14, 24], [15, 17], [15, 19], [15, 21], [15, 23], [15, 24], [15, 25], [15, 26], [15, 27], [16, 17], [16, 19], [16, 21], [16, 23], [16, 24], [16, 25], [16, 26], [16, 27], [17, 18], [17, 20], [17, 22], [17, 25], [17, 26], [17, 27], [18, 19], [18, 21], [18, 23], [18, 24], [18, 25], [18, 26], [18, 27], [19, 20], [19, 22], [19, 25], [19, 26], [19, 27], [20, 21], [20, 23], [20, 24], [20, 25], [20, 26], [20, 27], [21, 22], [21, 25], [21, 26], [21, 27], [22, 23], [22, 24], [22, 25], [22, 26], [22, 27], [23, 25], [23, 26], [23, 27], [24, 25], [24, 26], [24, 27]]}