{"omega": 4, "n": 26, "m": 216, "ratio": 0.9999999999999993, "l1": 17.999999999999993, "l2": 1.8131945168868036e-15, "omega_verified": true, "seed": 326885585, "edges": [[0, 1], [0, 2], [0, 3], [0, 5], [0, 7], [0, 8], [0, 9], [0, 11], [0, 12], [0, 13], [0, 15], [0, 16], [0, 18], [0, 20], [0, 21], [0, 23], [0, 24], [0, 25], [1, 2], [1, 3], [1, 4], [1, 7], [1, 8], [1, 9], [1, 10], [1, 14], [1, 15], [1, 16], [1, 19], [1, 20], [1, 21], [1, 22], [1, 23], [1, 24], [1, 25], [2, 3], [2, 4], [2, 5], [2, 8], [2, 9], [2, 10], [2, 11], [2, 12], [2, 13], [2, 14], [2, 18], [2, 19], [2, 20], [2, 21], [2, 22], [2, 24], [3, 4], [3, 5], [3, 7], [3, 10], [3, 11], [3, 12], [3, 13], [3, 14], [3, 15], [3, 16], [3, 18], [3, 19], [3, 22], [3, 23], [3, 25], [4, 5], [4, 7], [4, 8], [4, 9], [4, 11], [4, 12], [4, 13], [4, 15], [4, 16], [4, 18], [4, 20], [4, 21], [4, 23], [4, 24], [4, 25], [5, 7], [5, 8], [5, 9], [5, 10], [5, 14], [5, 15], [5, 16], [5, 19], [5, 20], [5, 21], [5, 22], [5, 23], [5, 24], [5, 25], [7, 8], [7, 9], [7, 10], [7, 11], [7, 12], [7, 13], [7, 14], [7, 18], [7, 19], [7, 20], [7, 21], [7, 22], [7, 24], [8, 10], [8, 11], [8, 12], [8, 13], [8, 14], [8, 15], [8, 16], [8, 18], [8, 19], [8, 22], [8, 23], [8, 25], [9, 10], [9, 11], [9, 12], [9, 13], [9, 14], [9, 15], [9, 16], [9, 18], [9, 19], [9, 22], [9, 23], [9, 25], [10, 11], [10, 12], [10, 13], [10, 15], [10, 16], [10, 18], [10, 20], [10, 21], [10, 23], [10, 24], [10, 25], [11, 14], [11, 15], [11, 16], [11, 19], [11, 20], [11, 21], [11, 22], [11, 23], [11, 24], [11, 25], [12, 14], [12, 15], [12, 16], [12, 19], [12, 20], [12, 21], [12, 22], [12, 23], [12, 24], [12, 25], [13, 14], [13, 15], [13, 16], [13, 19], [13, 20], [13, 21], [13, 22], [13, 23], [13, 24], [13, 25], [14, 15], [14, 16], [14, 18], [14, 20], [14, 21], [14, 23], [14, 24], [14, 25], [15, 18], [15, 19], [15, 20], [15, 21], [15, 22], [15, 24], [16, 18], [16, 19], [16, 20], [16, 21], [16, 22], [16, 24], [18, 19], [18, 20], [18, 21], [18, 22], [18, 23], [18, 24], [18, 25], [19, 20], [19, 21], [19, 23], [19, 24], [19, 25], [20, 22], [20, 23], [20, 25], [21, 22], [21, 23], [21, 25], [22, 23], [22, 24], [22, 25], [23, 24], [24, 25]]}