{"omega": 5, "n": 89, "m": 1585, "ratio": 0.9992463256851233, "l1": 36.00120795192901, "l2": 35.1852484422014, "omega_verified": true, "seed": 768211079, "edges": [[0, 1], [0, 2], [0, 3], [0, 4], [0, 6], [0, 7], [0, 8], [0, 9], [0, 11], [0, 12], [0, 13], [0, 14], [0, 16], [0, 17], [0, 18], [0, 19], [0, 21], [0, 22], [0, 23], [0, 24], [0, 26], [0, 27], [0, 28], [0, 29], [0, 31], [0, 32], [0, 33], [0, 34], [0, 36], [0, 37], [0, 38], [0, 39], [0, 41], [0, 42], [0, 43], [0, 44], [1, 2], [1, 3], [1, 4], [1, 5], [1, 7], [1, 8], [1, 9], [1, 10], [1, 12], [1, 13], [1, 14], [1, 15], [1, 17], [1, 18], [1, 19], [1, 20], [1, 22], [1, 23], [1, 24], [1, 25], [1, 27], [1, 28], [1, 29], [1, 30], [1, 32], [1, 33], [1, 34], [1, 35], [1, 37], [1, 38], [1, 39], [1, 40], [1, 42], [1, 43], [1, 44], [2, 3], [2, 4], [2, 5], [2, 6], [2, 8], [2, 9], [2, 10], [2, 11], [2, 13], [2, 14], [2, 15], [2, 16], [2, 18], [2, 19], [2, 20], [2, 21], [2, 23], [2, 24], [2, 25], [2, 26], [2, 28], [2, 29], [2, 30], [2, 31], [2, 33], [2, 34], [2, 35], [2, 36], [2, 38], [2, 39], [2, 40], [2, 41], [2, 43], [2, 44], [3, 4], [3, 5], [3, 6], [3, 7], [3, 9], [3, 10], [3, 11], [3, 12], [3, 14], [3, 15], [3, 16], [3, 17], [3, 19], [3, 20], [3, 21], [3, 22], [3, 24], [3, 25], [3, 26], [3, 27], [3, 29], [3, 30], [3, 31], [3, 32], [3, 34], [3, 35], [3, 36], [3, 37], [3, 39], [3, 40], [3, 41], [3, 42], [3, 44], [4, 5], [4, 6], [4, 7], [4, 8], [4, 10], [4, 11], [4, 12], [4, 13], [4, 15], [4, 16], [4, 17], [4, 18], [4, 20], [4, 21], [4, 22], [4, 23], [4, 25], [4, 26], [4, 27], [4, 28], [4, 30], [4, 31], [4, 32], [4, 33], [4, 35], [4, 36], [4, 37], [4, 38], [4, 40], [4, 41], [4, 42], [4, 43], [5, 6], [5, 7], [5, 8], [5, 9], [5, 11], [5, 12], [5, 13], [5, 14], [5, 16], [5, 17], [5, 18], [5, 19], [5, 21], [5, 22], [5, 23], [5, 24], [5, 26], [5, 27], [5, 28], [5, 29], [5, 31], [5, 32], [5, 33], [5, 34], [5, 36], [5, 37], [5, 38], [5, 39], [5, 41], [5, 42], [5, 43], [5, 44], [6, 7], [6, 8], [6, 9], [6, 10], [6, 12], [6, 13], [6, 14], [6, 15], [6, 17], [6, 18], [6, 19], [6, 20], [6, 22], [6, 23], [6, 24], [6, 25], [6, 27], [6, 28], [6, 29], [6, 30], [6, 32], [6, 33], [6, 34], [6, 35], [6, 37], [6, 38], [6, 39], [6, 40], [6, 42], [6, 43], [6, 44], [7, 8], [7, 9], [7, 10], [7, 11], [7, 13], [7, 14], [7, 15], [7, 16], [7, 18], [7, 19], [7, 20], [7, 21], [7, 23], [7, 24], [7, 25], [7, 26], [7, 28], [7, 29], [7, 30], [7, 31], [7, 33], [7, 34], [7, 35], [7, 36], [7, 38], [7, 39], [7, 40], [7, 41], [7, 43], [7, 44], [8, 9], [8, 10], [8, 11], [8, 12], [8, 14], [8, 15], [8, 16], [8, 17], [8, 19], [8, 20], [8, 21], [8, 22], [8, 24], [8, 25], [8, 26], [8, 27], [8, 29], [8, 30], [8, 31], [8, 32], [8, 34], [8, 35], [8, 36], [8, 37], [8, 39], [8, 40], [8, 41], [8, 42], [8, 44], [9, 10], [9, 11], [9, 12], [9, 13], [9, 15], [9, 16], [9, 17], [9, 18], [9, 20], [9, 21], [9, 22], [9, 23], [9, 25], [9, 26], [9, 27], [9, 28], [9, 30], [9, 31], [9, 32], [9, 33], [9, 35], [9, 36], [9, 37], [9, 38], [9, 40], [9, 41], [9, 42], [9, 43], [10, 11], [10, 12], [10, 13], [10, 14], [10, 16], [10, 17], [10, 18], [10, 19], [10, 21], [10, 22], [10, 23], [10, 24], [10, 26], [10, 27], [10, 28], [10, 29], [10, 31], [10, 32], [10, 33], [10, 34], [10, 36], [10, 37], [10, 38], [10, 39], [10, 41], [10, 42], [10, 43], [10, 44], [11, 12], [11, 13], [11, 14], [11, 15], [11, 17], [11, 18], [11, 19], [11, 20], [11, 22], [11, 23], [11, 24], [11, 25], [11, 27], [11, 28], [11, 29], [11, 30], [11, 32], [11, 33], [11, 34], [11, 35], [11, 37], [11, 38], [11, 39], [11, 40], [11, 42], [11, 43], [11, 44], [12, 13], [12, 14], [12, 15], [12, 16], [12, 18], [12, 19], [12, 20], [12, 21], [12, 23], [12, 24], [12, 25], [12, 26], [12, 28], [12, 29], [12, 30], [12, 31], [12, 33], [12, 34], [12, 35], [12, 36], [12, 38], [12, 39], [12, 40], [12, 41], [12, 43], [12, 44], [13, 14], [13, 15], [13, 16], [13, 17], [13, 19], [13, 20], [13, 21], [13, 22], [13, 24], [13, 25], [13, 26], [13, 27], [13, 29], [13, 30], [13, 31], [13, 32], [13, 34], [13, 35], [13, 36], [13, 37], [13, 39], [13, 40], [13, 41], [13, 42], [13, 44], [14, 15], [14, 16], [14, 17], [14, 18], [14, 20], [14, 21], [14, 22], [14, 23], [14, 25], [14, 26], [14, 27], [14, 28], [14, 30], [14, 31], [14, 32], [14, 33], [14, 35], [14, 36], [14, 37], [14, 38], [14, 40], [14, 41], [14, 42], [14, 43], [15, 16], [15, 17], [15, 18], [15, 19], [15, 21], [15, 22], [15, 23], [15, 24], [15, 26], [15, 27], [15, 28], [15, 29], [15, 31], [15, 32], [15, 33], [15, 34], [15, 36], [15, 37], [15, 38], [15, 39], [15, 41], [15, 42], [15, 43], [15, 44], [16, 17], [16, 18], [16, 19], [16, 20], [16, 22], [16, 23], [16, 24], [16, 25], [16, 27], [16, 28], [16, 29], [16, 30], [16, 32], [16, 33], [16, 34], [16, 35], [16, 37], [16, 38], [16, 39], [16, 40], [16, 42], [16, 43], [16, 44], [17, 18], [17, 19], [17, 20], [17, 21], [17, 23], [17, 24], [17, 25], [17, 26], [17, 28], [17, 29], [17, 30], [17, 31], [17, 33], [17, 34], [17, 35], [17, 36], [17, 38], [17, 39], [17, 40], [17, 41], [17, 43], [17, 44], [17, 70], [18, 19], [18, 20], [18, 21], [18, 22], [18, 24], [18, 25], [18, 26], [18, 27], [18, 29], [18, 30], [18, 31], [18, 32], [18, 34], [18, 35], [18, 36], [18, 37], [18, 39], [18, 40], [18, 41], [18, 42], [18, 44], [19, 20], [19, 21], [19, 22], [19, 23], [19, 25], [19, 26], [19, 27], [19, 28], [19, 30], [19, 31], [19, 32], [19, 33], [19, 35], [19, 36], [19, 37], [19, 38], [19, 40], [19, 41], [19, 42], [19, 43], [20, 21], [20, 22], [20, 23], [20, 24], [20, 26], [20, 27], [20, 28], [20, 29], [20, 31], [20, 32], [20, 33], [20, 34], [20, 36], [20, 37], [20, 38], [20, 39], [20, 41], [20, 42], [20, 43], [20, 44], [21, 22], [21, 23], [21, 24], [21, 25], [21, 27], [21, 28], [21, 29], [21, 30], [21, 32], [21, 33], [21, 34], [21, 35], [21, 37], [21, 38], [21, 39], [21, 40], [21, 42], [21, 43], [21, 44], [22, 23], [22, 24], [22, 25], [22, 26], [22, 28], [22, 29], [22, 30], [22, 31], [22, 33], [22, 34], [22, 35], [22, 36], [22, 38], [22, 39], [22, 40], [22, 41], [22, 43], [22, 44], [23, 24], [23, 25], [23, 26], [23, 27], [23, 29], [23, 30], [23, 31], [23, 32], [23, 34], [23, 35], [23, 36], [23, 37], [23, 39], [23, 40], [23, 41], [23, 42], [23, 44], [24, 25], [24, 26], [24, 27], [24, 28], [24, 30], [24, 31], [24, 32], [24, 33], [24, 35], [24, 36], [24, 37], [24, 38], [24, 40], [24, 41], [24, 42], [24, 43], [25, 26], [25, 27], [25, 28], [25, 29], [25, 31], [25, 32], [25, 33], [25, 34], [25, 36], [25, 37], [25, 38], [25, 39], [25, 41], [25, 42], [25, 43], [25, 44], [26, 27], [26, 28], [26, 29], [26, 30], [26, 32], [26, 33], [26, 34], [26, 35], [26, 37], [26, 38], [26, 39], [26, 40], [26, 42], [26, 43], [26, 44], [27, 28], [27, 29], [27, 30], [27, 31], [27, 33], [27, 34], [27, 35], [27, 36], [27, 38], [27, 39], [27, 40], [27, 41], [27, 43], [27, 44], [28, 29], [28, 30], [28, 31], [28, 32], [28, 34], [28, 35], [28, 36], [28, 37], [28, 39], [28, 40], [28, 41], [28, 42], [28, 44], [29, 30], [29, 31], [29, 32], [29, 33], [29, 35], [29, 36], [29, 37], [29, 38], [29, 40], [29, 41], [29, 42], [29, 43], [30, 31], [30, 32], [30, 33], [30, 34], [30, 36], [30, 37], [30, 38], [30, 39], [30, 41], [30, 42], [30, 43], [30, 44], [31, 32], [31, 33], [31, 34], [31, 35], [31, 37], [31, 38], [31, 39], [31, 40], [31, 42], [31, 43], [31, 44], [32, 33], [32, 34], [32, 35], [32, 36], [32, 38], [32, 39], [32, 40], [32, 41], [32, 43], [32, 44], [33, 34], [33, 35], [33, 36], [33, 37], [33, 39], [33, 40], [33, 41], [33, 42], [33, 44], [34, 35], [34, 36], [34, 37], [34, 38], [34, 40], [34, 41], [34, 42], [34, 43], [35, 36], [35, 37], [35, 38], [35, 39], [35, 41], [35, 42], [35, 43], [35, 44], [36, 37], [36, 38], [36, 39], [36, 40], [36, 42], [36, 43], [36, 44], [37, 38], [37, 39], [37, 40], [37, 41], [37, 43], [37, 44], [38, 39], [38, 40], [38, 41], [38, 42], [38, 44], [39, 40], [39, 41], [39, 42], [39, 43], [40, 41], [40, 42], [40, 43], [40, 44], [41, 42], [41, 43], [41, 44], [42, 43], [42, 44], [43, 44], [45, 46], [45, 47], [45, 48], [45, 49], [45, 51], [45, 52], [45, 53], [45, 54], [45, 